,Q**2 [GEV**2],XB,"$\sigma_{r,\rm NC}^{+}$",stat +,stat -,"sys,uncor +","sys,uncor -","sys,cor +","sys,cor -","sys,rel +","sys,rel -","sys,$\gamma p$ +","sys,$\gamma p$ -","sys,had +","sys,had -","sys,1 +","sys,1 -","sys,2 +","sys,2 -","sys,3 +","sys,3 -","sys,4 +","sys,4 -",sqrt_s,"$\sigma_{r, LO}$"
0,0.15,5.02e-06,0.185,3.79%,-3.79%,1.5%,-1.5%,3.62%,-3.62%,1.39%,-1.39%,0.35%,-0.35%,-0.21%,0.21%,-0.17%,0.17%,-0.01%,0.01%,0.0%,-0.0%,0.01%,-0.01%,318.0,0.19192821682837558
1,0.2,6.69e-06,0.227,1.65%,-1.65%,0.78%,-0.78%,1.7%,-1.7%,0.86%,-0.86%,0.57%,-0.57%,0.0%,-0.0%,0.0%,-0.0%,0.0%,-0.0%,0.0%,-0.0%,0.01%,-0.01%,318.0,0.2350678285811956
2,0.2,8.49e-06,0.223,1.61%,-1.61%,0.61%,-0.61%,2.19%,-2.19%,1.06%,-1.06%,0.55%,-0.55%,-0.26%,0.26%,-0.06%,0.06%,0.0%,-0.0%,0.0%,-0.0%,0.0%,-0.0%,318.0,0.23061299332564908
3,0.2,1.1e-05,0.208,2.79%,-2.79%,1.5%,-1.5%,2.83%,-2.83%,1.01%,-1.01%,0.34%,-0.34%,-0.08%,0.08%,-0.18%,0.18%,0.0%,-0.0%,0.0%,-0.0%,0.01%,-0.01%,318.0,0.22545308501673195
4,0.2,3.98e-05,0.211,14.93%,-14.93%,11.96%,-11.96%,5.18%,-5.18%,0.33%,-0.33%,4.7%,-4.7%,2.93%,-2.93%,1.57%,-1.57%,-0.03%,0.03%,-0.02%,0.02%,0.15%,-0.15%,318.0,0.19920755365035242
5,0.2,0.000251,0.18,13.49%,-13.49%,6.17%,-6.17%,3.0%,-3.0%,0.32%,-0.32%,1.39%,-1.39%,-1.67%,1.67%,1.19%,-1.19%,0.01%,-0.01%,0.02%,-0.02%,0.02%,-0.02%,318.0,0.1649722564745625
6,0.25,8.36e-06,0.265,1.46%,-1.46%,0.73%,-0.73%,1.92%,-1.92%,1.17%,-1.17%,0.63%,-0.63%,-0.23%,0.23%,0.45%,-0.45%,0.0%,-0.0%,0.0%,-0.0%,0.01%,-0.01%,318.0,0.2730936189081093
7,0.25,1.06e-05,0.26,1.29%,-1.29%,0.66%,-0.66%,1.84%,-1.84%,1.11%,-1.11%,0.63%,-0.63%,-0.1%,0.1%,0.32%,-0.32%,0.0%,-0.0%,0.0%,-0.0%,0.01%,-0.01%,318.0,0.26775297301037543
8,0.25,1.38e-05,0.249,1.27%,-1.27%,0.72%,-0.72%,1.85%,-1.85%,1.24%,-1.24%,0.61%,-0.61%,-0.22%,0.22%,0.08%,-0.08%,0.0%,-0.0%,0.0%,-0.0%,0.0%,-0.0%,318.0,0.26141954475081663
9,0.25,2.3e-05,0.243,1.41%,-1.41%,1.5%,-1.5%,2.37%,-2.37%,2.23%,-2.23%,0.38%,-0.38%,-0.6%,0.6%,0.43%,-0.43%,0.0%,-0.0%,-0.02%,0.02%,0.01%,-0.01%,318.0,0.24877254092164364
10,0.25,3.98e-05,0.236,3.32%,-3.32%,1.54%,-1.54%,2.79%,-2.79%,0.5%,-0.5%,1.03%,-1.03%,0.29%,-0.29%,0.21%,-0.21%,0.0%,-0.0%,0.01%,-0.01%,0.02%,-0.02%,318.0,0.2352926170877898
11,0.25,0.00011,0.199,3.96%,-3.96%,1.5%,-1.5%,2.5%,-2.5%,0.77%,-0.77%,0.32%,-0.32%,0.06%,-0.06%,-0.58%,0.58%,0.0%,-0.0%,0.0%,-0.0%,0.01%,-0.01%,318.0,0.2114790760025605
12,0.25,0.000251,0.196,3.75%,-3.75%,1.44%,-1.44%,3.26%,-3.26%,-0.23%,0.23%,0.35%,-0.35%,0.51%,-0.51%,-0.21%,0.21%,0.01%,-0.01%,0.02%,-0.02%,0.02%,-0.02%,318.0,0.1936209906210326
13,0.25,0.000394,0.194,4.16%,-4.16%,1.5%,-1.5%,3.61%,-3.61%,1.65%,-1.65%,0.46%,-0.46%,-0.29%,0.29%,-0.2%,0.2%,0.0%,-0.0%,0.0%,-0.0%,0.02%,-0.02%,318.0,0.18449347497387195
14,0.25,0.00158,0.198,11.0%,-11.0%,5.29%,-5.29%,2.41%,-2.41%,0.29%,-0.29%,0.01%,-0.01%,-1.76%,1.76%,1.08%,-1.08%,0.01%,-0.01%,0.03%,-0.03%,0.02%,-0.02%,318.0,0.1595743598046624
15,0.35,5.12e-06,0.436,22.08%,-22.08%,12.79%,-12.79%,1.83%,-1.83%,0.22%,-0.22%,1.82%,-1.82%,-0.44%,0.44%,1.33%,-1.33%,-0.03%,0.03%,0.0%,-0.0%,0.03%,-0.03%,318.0,0.34700228142054945
16,0.35,1e-05,0.345,1.63%,-1.63%,0.8%,-0.8%,1.8%,-1.8%,1.11%,-1.11%,0.6%,-0.6%,-0.38%,0.38%,0.12%,-0.12%,0.0%,-0.0%,0.0%,-0.0%,0.01%,-0.01%,318.0,0.3421802030731071
17,0.35,1.27e-05,0.324,1.44%,-1.44%,0.79%,-0.79%,1.86%,-1.86%,1.16%,-1.16%,0.58%,-0.58%,-0.16%,0.16%,-0.03%,0.03%,0.0%,-0.0%,0.0%,-0.0%,0.01%,-0.01%,318.0,0.33569604619678933
18,0.35,1.65e-05,0.313,1.21%,-1.21%,0.63%,-0.63%,1.88%,-1.88%,1.19%,-1.19%,0.63%,-0.63%,0.06%,-0.06%,0.52%,-0.52%,0.0%,-0.0%,0.0%,-0.0%,0.01%,-0.01%,318.0,0.32771966309760886
19,0.35,3.2e-05,0.296,1.14%,-1.14%,0.72%,-0.72%,2.54%,-2.54%,2.55%,-2.55%,0.72%,-0.72%,-0.77%,0.77%,1.05%,-1.05%,-0.01%,0.01%,-0.02%,0.02%,0.01%,-0.01%,318.0,0.30629539927168054
20,0.35,6.62e-05,0.282,2.62%,-2.62%,1.5%,-1.5%,1.72%,-1.72%,0.42%,-0.42%,0.42%,-0.42%,-0.06%,0.06%,1.19%,-1.19%,0.0%,-0.0%,0.01%,-0.01%,0.01%,-0.01%,318.0,0.2830319511943098
21,0.35,0.00013,0.257,2.53%,-2.53%,1.43%,-1.43%,1.54%,-1.54%,0.81%,-0.81%,0.59%,-0.59%,-0.11%,0.11%,0.7%,-0.7%,0.0%,-0.0%,0.0%,-0.0%,0.02%,-0.02%,318.0,0.26248151118050483
22,0.35,0.00022,0.24,2.67%,-2.67%,1.5%,-1.5%,2.01%,-2.01%,1.13%,-1.13%,0.53%,-0.53%,-0.31%,0.31%,0.14%,-0.14%,0.0%,-0.0%,0.0%,-0.0%,0.01%,-0.01%,318.0,0.24731942862031908
23,0.35,0.0005,0.24,2.52%,-2.52%,1.42%,-1.42%,1.81%,-1.81%,1.49%,-1.49%,0.44%,-0.44%,-0.46%,0.46%,0.28%,-0.28%,0.0%,-0.0%,0.0%,-0.0%,0.01%,-0.01%,318.0,0.22531931920739023
24,0.35,0.00251,0.201,10.0%,-10.0%,4.55%,-4.55%,1.54%,-1.54%,0.55%,-0.55%,-0.32%,0.32%,-0.44%,0.44%,0.34%,-0.34%,0.0%,-0.0%,0.02%,-0.02%,0.04%,-0.04%,318.0,0.18875898265456648
25,0.4,1.33e-05,0.355,1.97%,-1.97%,0.88%,-0.88%,2.04%,-2.04%,1.36%,-1.36%,0.67%,-0.67%,-0.31%,0.31%,0.64%,-0.64%,0.0%,-0.0%,0.0%,-0.0%,0.01%,-0.01%,318.0,0.3664620088444284
26,0.4,1.7e-05,0.354,1.66%,-1.66%,0.83%,-0.83%,1.87%,-1.87%,1.15%,-1.15%,0.61%,-0.61%,-0.05%,0.05%,0.29%,-0.29%,0.0%,-0.0%,0.01%,-0.01%,0.01%,-0.01%,318.0,0.3584179053531887
27,0.4,2.2e-05,0.334,1.45%,-1.45%,0.78%,-0.78%,1.86%,-1.86%,1.28%,-1.28%,0.64%,-0.64%,-0.34%,0.34%,0.38%,-0.38%,0.0%,-0.0%,0.0%,-0.0%,0.01%,-0.01%,318.0,0.3493734968624091
28,0.4,3.68e-05,0.33,1.26%,-1.26%,0.77%,-0.77%,2.52%,-2.52%,2.58%,-2.58%,0.65%,-0.65%,-0.84%,0.84%,1.12%,-1.12%,-0.01%,0.01%,-0.02%,0.02%,0.01%,-0.01%,318.0,0.33081390839722175
29,0.4,8.83e-05,0.32,2.72%,-2.72%,1.5%,-1.5%,1.57%,-1.57%,1.03%,-1.03%,0.48%,-0.48%,-0.23%,0.23%,0.41%,-0.41%,0.0%,-0.0%,0.0%,-0.0%,0.01%,-0.01%,318.0,0.2999447427414982
30,0.4,0.000176,0.287,2.79%,-2.79%,1.5%,-1.5%,1.76%,-1.76%,0.68%,-0.68%,0.49%,-0.49%,-0.16%,0.16%,0.22%,-0.22%,0.0%,-0.0%,0.01%,-0.01%,0.01%,-0.01%,318.0,0.277069934256588
31,0.4,0.000294,0.277,2.75%,-2.75%,1.5%,-1.5%,1.66%,-1.66%,1.03%,-1.03%,0.47%,-0.47%,-0.3%,0.3%,0.74%,-0.74%,0.0%,-0.0%,0.0%,-0.0%,0.01%,-0.01%,318.0,0.2610403282787629
32,0.4,0.000631,0.26,2.74%,-2.74%,1.5%,-1.5%,2.06%,-2.06%,1.33%,-1.33%,0.43%,-0.43%,-0.32%,0.32%,0.54%,-0.54%,0.0%,-0.0%,0.0%,-0.0%,0.01%,-0.01%,318.0,0.23888018123226484
33,0.5,7.32e-06,0.428,5.55%,-5.55%,5.74%,-5.74%,4.16%,-4.16%,-0.02%,0.02%,4.04%,-4.04%,0.31%,-0.31%,1.9%,-1.9%,-0.05%,0.05%,-0.01%,0.01%,0.05%,-0.05%,318.0,0.4280064431773571
34,0.5,1.58e-05,0.426,3.53%,-3.53%,1.48%,-1.48%,2.38%,-2.38%,1.22%,-1.22%,0.46%,-0.46%,-0.2%,0.2%,0.7%,-0.7%,0.0%,-0.0%,0.0%,-0.0%,0.0%,-0.0%,318.0,0.4185529096451854
35,0.5,2.12e-05,0.39,2.06%,-2.06%,0.8%,-0.8%,2.01%,-2.01%,1.07%,-1.07%,0.58%,-0.58%,0.21%,-0.21%,0.33%,-0.33%,0.0%,-0.0%,0.0%,-0.0%,0.01%,-0.01%,318.0,0.4072456377204258
36,0.5,2.76e-05,0.377,1.71%,-1.71%,0.76%,-0.76%,2.0%,-2.0%,1.38%,-1.38%,0.64%,-0.64%,-0.18%,0.18%,0.31%,-0.31%,0.0%,-0.0%,0.0%,-0.0%,0.01%,-0.01%,318.0,0.396259037048881
37,0.5,3.98e-05,0.364,1.48%,-1.48%,0.81%,-0.81%,2.6%,-2.6%,2.64%,-2.64%,0.85%,-0.85%,-0.97%,0.97%,1.03%,-1.03%,-0.01%,0.01%,-0.01%,0.01%,0.01%,-0.01%,318.0,0.3806077623192655
38,0.5,0.0001,0.348,1.74%,-1.74%,1.45%,-1.45%,1.57%,-1.57%,0.65%,-0.65%,0.54%,-0.54%,-0.07%,0.07%,0.73%,-0.73%,0.0%,-0.0%,0.01%,-0.01%,0.01%,-0.01%,318.0,0.34197089613591214
39,0.5,0.000251,0.308,1.87%,-1.87%,1.43%,-1.43%,1.62%,-1.62%,0.36%,-0.36%,0.38%,-0.38%,0.01%,-0.01%,0.02%,-0.02%,0.0%,-0.0%,0.01%,-0.01%,0.01%,-0.01%,318.0,0.30619006613252137
40,0.5,0.000368,0.3,2.03%,-2.03%,1.5%,-1.5%,1.68%,-1.68%,0.83%,-0.83%,0.43%,-0.43%,-0.12%,0.12%,0.35%,-0.35%,0.0%,-0.0%,0.0%,-0.0%,0.01%,-0.01%,318.0,0.29231192511452037
41,0.5,0.0008,0.287,2.05%,-2.05%,1.38%,-1.38%,1.54%,-1.54%,0.98%,-0.98%,0.37%,-0.37%,-0.27%,0.27%,0.09%,-0.09%,0.0%,-0.0%,0.0%,-0.0%,0.01%,-0.01%,318.0,0.2660879493313101
42,0.5,0.0032,0.182,11.38%,-11.38%,6.39%,-6.39%,1.3%,-1.3%,0.38%,-0.38%,-0.4%,0.4%,-0.77%,0.77%,-0.48%,0.48%,-0.01%,0.01%,0.01%,-0.01%,0.08%,-0.08%,318.0,0.22631005199874293
43,0.65,9.52e-06,0.464,4.02%,-4.02%,2.9%,-2.9%,2.57%,-2.57%,0.22%,-0.22%,2.36%,-2.36%,-0.1%,0.1%,1.52%,-1.52%,-0.04%,0.04%,0.0%,-0.0%,0.04%,-0.04%,318.0,0.49411362031963646
44,0.65,1.58e-05,0.462,3.1%,-3.1%,5.44%,-5.44%,1.56%,-1.56%,0.4%,-0.4%,0.34%,-0.34%,-0.41%,0.41%,0.15%,-0.15%,-0.02%,0.02%,0.01%,-0.01%,0.05%,-0.05%,318.0,0.4924457656456766
45,0.65,3.98e-05,0.472,2.73%,-2.73%,0.68%,-0.68%,2.37%,-2.37%,1.26%,-1.26%,0.55%,-0.55%,0.15%,-0.15%,0.46%,-0.46%,0.0%,-0.0%,0.0%,-0.0%,0.0%,-0.0%,318.0,0.45000645042530435
46,0.65,5.98e-05,0.416,1.99%,-1.99%,0.74%,-0.74%,3.16%,-3.16%,2.93%,-2.93%,0.6%,-0.6%,-0.67%,0.67%,1.56%,-1.56%,0.0%,-0.0%,-0.01%,0.01%,0.01%,-0.01%,318.0,0.42890084361196135
47,0.65,0.0001,0.409,2.09%,-2.09%,1.47%,-1.47%,2.04%,-2.04%,0.93%,-0.93%,0.66%,-0.66%,-0.19%,0.19%,1.59%,-1.59%,0.0%,-0.0%,0.0%,-0.0%,0.01%,-0.01%,318.0,0.40275392989592057
48,0.65,0.000251,0.361,2.14%,-2.14%,1.39%,-1.39%,1.69%,-1.69%,0.88%,-0.88%,0.32%,-0.32%,-0.32%,0.32%,1.13%,-1.13%,0.0%,-0.0%,0.0%,-0.0%,0.01%,-0.01%,318.0,0.35873987128102647
49,0.65,0.000478,0.332,2.29%,-2.29%,1.5%,-1.5%,1.93%,-1.93%,0.88%,-0.88%,0.43%,-0.43%,-0.36%,0.36%,0.94%,-0.94%,0.0%,-0.0%,0.0%,-0.0%,0.01%,-0.01%,318.0,0.3304532608111951
50,0.65,0.0008,0.318,2.14%,-2.14%,1.35%,-1.35%,1.64%,-1.64%,0.71%,-0.71%,0.23%,-0.23%,-0.39%,0.39%,0.56%,-0.56%,0.0%,-0.0%,0.01%,-0.01%,0.03%,-0.03%,318.0,0.30944252114415066
51,0.65,0.0032,0.224,5.82%,-5.82%,3.18%,-3.18%,1.27%,-1.27%,0.39%,-0.39%,-0.1%,0.1%,-0.56%,0.56%,0.54%,-0.54%,0.0%,-0.0%,0.02%,-0.02%,0.06%,-0.06%,318.0,0.2604317146928252
52,0.85,1.24e-05,0.552,2.57%,-2.57%,2.52%,-2.52%,2.21%,-2.21%,0.27%,-0.27%,1.92%,-1.92%,0.02%,-0.02%,1.03%,-1.03%,-0.04%,0.04%,0.0%,-0.0%,0.04%,-0.04%,318.0,0.5666675270584218
53,0.85,2e-05,0.611,1.96%,-1.96%,5.36%,-5.36%,1.63%,-1.63%,0.49%,-0.49%,-0.13%,0.13%,-0.4%,0.4%,-0.04%,0.04%,-0.02%,0.02%,0.01%,-0.01%,0.05%,-0.05%,318.0,0.5655713431043092
54,0.85,3.98e-05,0.558,2.03%,-2.03%,1.86%,-1.86%,1.77%,-1.77%,0.44%,-0.44%,-0.45%,0.45%,-0.39%,0.39%,-1.05%,1.05%,-0.01%,0.01%,0.0%,-0.0%,0.03%,-0.03%,318.0,0.5294779234991231
55,0.85,5e-05,0.541,2.93%,-2.93%,4.52%,-4.52%,2.36%,-2.36%,0.62%,-0.62%,-0.28%,0.28%,-0.09%,0.09%,-0.25%,0.25%,0.0%,-0.0%,0.01%,-0.01%,0.06%,-0.06%,318.0,0.5153809452736988
56,0.85,0.0001,0.503,2.65%,-2.65%,3.78%,-3.78%,3.73%,-3.73%,0.43%,-0.43%,-1.31%,1.31%,0.49%,-0.49%,-0.55%,0.55%,-0.05%,0.05%,0.0%,-0.0%,0.03%,-0.03%,318.0,0.47231589300814814
57,0.85,0.000251,0.397,6.01%,-6.01%,2.98%,-2.98%,2.33%,-2.33%,0.38%,-0.38%,-0.76%,0.76%,-0.54%,0.54%,0.96%,-0.96%,-0.02%,0.02%,0.02%,-0.02%,0.04%,-0.04%,318.0,0.41837507968337045
58,0.85,0.0008,0.349,4.61%,-4.61%,2.67%,-2.67%,1.46%,-1.46%,0.55%,-0.55%,-0.41%,0.41%,-0.28%,0.28%,-0.85%,0.85%,-0.01%,0.01%,0.02%,-0.02%,0.07%,-0.07%,318.0,0.35797114397817226
59,0.85,0.0032,0.308,4.54%,-4.54%,2.83%,-2.83%,1.04%,-1.04%,0.39%,-0.39%,-0.21%,0.21%,-0.15%,0.15%,-0.67%,0.67%,0.0%,-0.0%,0.02%,-0.02%,0.08%,-0.08%,318.0,0.2978142097084092
60,1.2,1.76e-05,0.592,2.56%,-2.56%,2.16%,-2.16%,2.53%,-2.53%,0.31%,-0.31%,1.55%,-1.55%,0.01%,-0.01%,0.67%,-0.67%,-0.07%,0.07%,-0.01%,0.01%,0.03%,-0.03%,318.0,0.6668062803699518
61,1.2,2e-05,0.667,2.63%,-2.63%,2.51%,-2.51%,1.36%,-1.36%,0.37%,-0.37%,0.49%,-0.49%,-0.41%,0.41%,0.47%,-0.47%,-0.02%,0.02%,0.01%,-0.01%,0.04%,-0.04%,318.0,0.6709805602099265
62,1.2,3.2e-05,0.685,1.67%,-1.67%,2.73%,-2.73%,1.33%,-1.33%,0.44%,-0.44%,0.03%,-0.03%,-0.36%,0.36%,0.18%,-0.18%,-0.02%,0.02%,0.01%,-0.01%,0.05%,-0.05%,318.0,0.6573625382311098
63,1.2,6.31e-05,0.649,1.39%,-1.39%,1.47%,-1.47%,1.43%,-1.43%,0.61%,-0.61%,-0.47%,0.47%,-0.33%,0.33%,0.26%,-0.26%,0.0%,-0.0%,0.0%,-0.0%,0.05%,-0.05%,318.0,0.6090152352624827
64,1.2,8e-05,0.595,2.05%,-2.05%,1.36%,-1.36%,1.88%,-1.88%,0.61%,-0.61%,-0.38%,0.38%,-0.15%,0.15%,-0.47%,0.47%,0.0%,-0.0%,0.01%,-0.01%,0.06%,-0.06%,318.0,0.5904682030550984
65,1.2,0.00013,0.543,2.43%,-2.43%,4.97%,-4.97%,1.61%,-1.61%,0.37%,-0.37%,-0.38%,0.38%,0.22%,-0.22%,-0.27%,0.27%,-0.01%,0.01%,0.01%,-0.01%,0.04%,-0.04%,318.0,0.5527718878155551
66,1.2,0.000158,0.533,1.54%,-1.54%,1.35%,-1.35%,1.43%,-1.43%,0.68%,-0.68%,-0.55%,0.55%,-0.29%,0.29%,-0.96%,0.96%,-0.02%,0.02%,0.01%,-0.01%,0.07%,-0.07%,318.0,0.5379746125957428
67,1.2,0.000398,0.493,2.12%,-2.12%,3.36%,-3.36%,1.38%,-1.38%,0.38%,-0.38%,-0.59%,0.59%,-0.44%,0.44%,0.77%,-0.77%,0.0%,-0.0%,0.01%,-0.01%,0.03%,-0.03%,318.0,0.471763594383676
68,1.2,0.0013,0.372,3.55%,-3.55%,2.67%,-2.67%,1.41%,-1.41%,0.58%,-0.58%,-0.36%,0.36%,-0.14%,0.14%,-0.34%,0.34%,0.0%,-0.0%,0.02%,-0.02%,0.08%,-0.08%,318.0,0.3974692003769615
69,1.2,0.005,0.298,4.51%,-4.51%,2.61%,-2.61%,1.55%,-1.55%,0.3%,-0.3%,-0.61%,0.61%,0.01%,-0.01%,-0.79%,0.79%,0.0%,-0.0%,0.01%,-0.01%,0.09%,-0.09%,318.0,0.32802173571598475
70,1.5,1.85e-05,0.619,3.14%,-3.14%,3.48%,-3.48%,5.44%,-5.44%,0.82%,-0.82%,-7.49%,7.49%,-0.06%,0.06%,-5.81%,5.81%,-0.3%,0.3%,-0.04%,0.04%,-0.04%,0.04%,318.0,0.7179691009663753
71,1.5,2.2e-05,0.696,1.94%,-1.94%,1.78%,-1.78%,1.62%,-1.62%,0.43%,-0.43%,-0.29%,0.29%,-0.06%,0.06%,-0.29%,0.29%,-0.06%,0.06%,0.0%,-0.0%,0.03%,-0.03%,318.0,0.7343378976597349
72,1.5,3.2e-05,0.753,1.73%,-1.73%,2.15%,-2.15%,1.2%,-1.2%,0.38%,-0.38%,0.07%,-0.07%,-0.24%,0.24%,0.13%,-0.13%,-0.02%,0.02%,0.0%,-0.0%,0.05%,-0.05%,318.0,0.7345143868271388
73,1.5,5e-05,0.76,1.05%,-1.05%,1.98%,-1.98%,1.15%,-1.15%,0.54%,-0.54%,-0.63%,0.63%,-0.4%,0.4%,0.1%,-0.1%,0.0%,-0.0%,0.0%,-0.0%,0.03%,-0.03%,318.0,0.7055284964545265
74,1.5,8e-05,0.699,1.26%,-1.26%,2.15%,-2.15%,1.37%,-1.37%,0.55%,-0.55%,-0.33%,0.33%,-0.37%,0.37%,-0.08%,0.08%,-0.01%,0.01%,0.01%,-0.01%,0.05%,-0.05%,318.0,0.6650051980298919
75,1.5,0.00013,0.646,1.46%,-1.46%,2.43%,-2.43%,1.55%,-1.55%,0.53%,-0.53%,-0.48%,0.48%,-0.48%,0.48%,-0.47%,0.47%,-0.01%,0.01%,0.01%,-0.01%,0.05%,-0.05%,318.0,0.6215348042198442
76,1.5,0.0002,0.612,2.08%,-2.08%,2.86%,-2.86%,1.65%,-1.65%,0.57%,-0.57%,-0.47%,0.47%,0.22%,-0.22%,0.39%,-0.39%,0.0%,-0.0%,0.01%,-0.01%,0.04%,-0.04%,318.0,0.5839123059077124
77,1.5,0.00032,0.577,1.49%,-1.49%,2.26%,-2.26%,1.61%,-1.61%,0.43%,-0.43%,-0.68%,0.68%,-0.67%,0.67%,0.23%,-0.23%,-0.01%,0.01%,0.01%,-0.01%,0.04%,-0.04%,318.0,0.5446638681440432
78,1.5,0.0005,0.547,2.52%,-2.52%,7.05%,-7.05%,1.89%,-1.89%,0.37%,-0.37%,-0.29%,0.29%,-0.15%,0.15%,-0.41%,0.41%,0.0%,-0.0%,0.01%,-0.01%,0.04%,-0.04%,318.0,0.5093646028360953
79,1.5,0.0008,0.49,2.36%,-2.36%,2.47%,-2.47%,1.37%,-1.37%,0.57%,-0.57%,-0.54%,0.54%,-0.04%,0.04%,0.36%,-0.36%,0.0%,-0.0%,0.01%,-0.01%,0.05%,-0.05%,318.0,0.4743594830484165
80,1.5,0.001,0.462,5.22%,-5.22%,3.74%,-3.74%,1.37%,-1.37%,0.55%,-0.55%,-0.04%,0.04%,-0.66%,0.66%,-0.04%,0.04%,0.0%,-0.0%,0.03%,-0.03%,0.08%,-0.08%,318.0,0.45852220375423136
81,1.5,0.0032,0.41,2.31%,-2.31%,2.04%,-2.04%,1.41%,-1.41%,0.61%,-0.61%,-0.28%,0.28%,0.16%,-0.16%,-0.67%,0.67%,0.0%,-0.0%,0.01%,-0.01%,0.1%,-0.1%,318.0,0.3842597636585052
83,2.0,2.47e-05,0.781,2.31%,-2.31%,2.7%,-2.7%,4.11%,-4.11%,0.85%,-0.85%,-5.29%,5.29%,0.14%,-0.14%,-3.43%,3.43%,-0.22%,0.22%,-0.03%,0.03%,-0.02%,0.02%,318.0,0.8057088744230076
84,2.0,2.93e-05,0.788,1.49%,-1.49%,1.65%,-1.65%,1.47%,-1.47%,0.44%,-0.44%,-0.34%,0.34%,0.02%,-0.02%,-0.46%,0.46%,-0.06%,0.06%,0.0%,-0.0%,0.03%,-0.03%,318.0,0.8233750991142503
85,2.0,5e-05,0.823,1.52%,-1.52%,1.93%,-1.93%,1.0%,-1.0%,0.42%,-0.42%,-0.18%,0.18%,-0.18%,0.18%,0.13%,-0.13%,-0.01%,0.01%,0.01%,-0.01%,0.05%,-0.05%,318.0,0.8116320020499906
86,2.0,8e-05,0.762,0.97%,-0.97%,1.34%,-1.34%,0.98%,-0.98%,0.53%,-0.53%,-0.2%,0.2%,-0.38%,0.38%,0.27%,-0.27%,0.0%,-0.0%,0.0%,-0.0%,0.05%,-0.05%,318.0,0.7685096214827445
87,2.0,0.00013,0.723,1.11%,-1.11%,1.3%,-1.3%,1.07%,-1.07%,0.5%,-0.5%,-0.2%,0.2%,-0.26%,0.26%,0.36%,-0.36%,0.0%,-0.0%,0.0%,-0.0%,0.05%,-0.05%,318.0,0.7175244956033552
88,2.0,0.0002,0.679,1.12%,-1.12%,1.32%,-1.32%,1.18%,-1.18%,0.56%,-0.56%,-0.36%,0.36%,0.28%,-0.28%,0.18%,-0.18%,0.0%,-0.0%,0.01%,-0.01%,0.06%,-0.06%,318.0,0.6723857777511549
89,2.0,0.00032,0.627,1.01%,-1.01%,1.65%,-1.65%,1.31%,-1.31%,0.45%,-0.45%,-0.33%,0.33%,-0.1%,0.1%,0.58%,-0.58%,0.0%,-0.0%,0.01%,-0.01%,0.06%,-0.06%,318.0,0.6250231971553599
90,2.0,0.0005,0.575,1.17%,-1.17%,2.04%,-2.04%,1.38%,-1.38%,0.44%,-0.44%,0.02%,-0.02%,0.07%,-0.07%,0.22%,-0.22%,0.0%,-0.0%,0.02%,-0.02%,0.03%,-0.03%,318.0,0.5823773246313867
91,2.0,0.001,0.51,0.99%,-0.99%,1.79%,-1.79%,1.1%,-1.1%,0.45%,-0.45%,-0.15%,0.15%,0.24%,-0.24%,-0.33%,0.33%,0.0%,-0.0%,0.01%,-0.01%,0.05%,-0.05%,318.0,0.5209742373724803
92,2.0,0.0032,0.426,1.07%,-1.07%,1.89%,-1.89%,1.47%,-1.47%,0.57%,-0.57%,-0.25%,0.25%,0.48%,-0.48%,-0.9%,0.9%,0.0%,-0.0%,0.01%,-0.01%,0.1%,-0.1%,318.0,0.43127751226528854
94,2.7,3.09e-05,0.845,2.28%,-2.28%,2.3%,-2.3%,2.4%,-2.4%,0.8%,-0.8%,-3.17%,3.17%,-0.36%,0.36%,-2.05%,2.05%,-0.37%,0.37%,0.0%,-0.0%,-0.04%,0.04%,318.0,0.8839049411213273
95,2.7,3.66e-05,0.866,1.99%,-1.99%,1.88%,-1.88%,1.27%,-1.27%,0.57%,-0.57%,-1.32%,1.32%,-0.16%,0.16%,-0.97%,0.97%,-0.28%,0.28%,0.01%,-0.01%,-0.04%,0.04%,318.0,0.9106237937840603
96,2.7,4.09e-05,0.937,6.84%,-6.84%,4.76%,-4.76%,2.44%,-2.44%,1.5%,-1.5%,-0.37%,0.37%,0.17%,-0.17%,-0.08%,0.08%,-1.68%,1.68%,0.0%,-0.0%,0.14%,-0.14%,318.0,0.9188229381415653
97,2.7,5e-05,0.883,1.51%,-1.51%,1.65%,-1.65%,0.98%,-0.98%,0.43%,-0.43%,-0.17%,0.17%,-0.04%,0.04%,-0.04%,0.04%,-0.02%,0.02%,0.01%,-0.01%,0.04%,-0.04%,318.0,0.919649343485755
98,2.7,8e-05,0.889,0.72%,-0.72%,1.03%,-1.03%,0.85%,-0.85%,0.47%,-0.47%,-0.3%,0.3%,-0.31%,0.31%,0.26%,-0.26%,0.0%,-0.0%,0.0%,-0.0%,0.04%,-0.04%,318.0,0.8831878787808926
99,2.7,0.00013,0.805,0.62%,-0.62%,0.87%,-0.87%,0.82%,-0.82%,0.46%,-0.46%,0.02%,-0.02%,-0.26%,0.26%,0.18%,-0.18%,0.0%,-0.0%,0.01%,-0.01%,0.05%,-0.05%,318.0,0.8259106602851248
100,2.7,0.0002,0.781,0.76%,-0.76%,1.61%,-1.61%,0.94%,-0.94%,0.46%,-0.46%,-0.31%,0.31%,0.02%,-0.02%,0.19%,-0.19%,0.0%,-0.0%,0.01%,-0.01%,0.06%,-0.06%,318.0,0.772448444600457
101,2.7,0.00032,0.7,0.84%,-0.84%,1.27%,-1.27%,0.96%,-0.96%,0.55%,-0.55%,-0.27%,0.27%,-0.02%,0.02%,0.82%,-0.82%,0.0%,-0.0%,0.02%,-0.02%,0.05%,-0.05%,318.0,0.7155975163633647
102,2.7,0.0005,0.645,0.69%,-0.69%,1.35%,-1.35%,1.05%,-1.05%,0.46%,-0.46%,-0.21%,0.21%,-0.11%,0.11%,0.4%,-0.4%,0.0%,-0.0%,0.02%,-0.02%,0.04%,-0.04%,318.0,0.6642325872226996
103,2.7,0.0008,0.594,0.88%,-0.88%,1.84%,-1.84%,0.92%,-0.92%,0.42%,-0.42%,-0.17%,0.17%,0.0%,-0.0%,0.04%,-0.04%,0.0%,-0.0%,0.02%,-0.02%,0.06%,-0.06%,318.0,0.6132947877535784
104,2.7,0.0013,0.567,0.69%,-0.69%,1.63%,-1.63%,1.0%,-1.0%,0.46%,-0.46%,-0.1%,0.1%,0.28%,-0.28%,-0.2%,0.2%,0.0%,-0.0%,0.02%,-0.02%,0.07%,-0.07%,318.0,0.5641517351592642
105,2.7,0.002,0.481,0.91%,-0.91%,2.74%,-2.74%,0.99%,-0.99%,0.43%,-0.43%,-0.27%,0.27%,-0.41%,0.41%,0.04%,-0.04%,0.01%,-0.01%,0.0%,-0.0%,0.14%,-0.14%,318.0,0.523501706497747
106,2.7,0.005,0.453,0.74%,-0.74%,1.82%,-1.82%,1.43%,-1.43%,0.53%,-0.53%,-0.32%,0.32%,0.43%,-0.43%,-0.84%,0.84%,0.01%,-0.01%,0.01%,-0.01%,0.12%,-0.12%,318.0,0.44608175934385647
108,3.5,4.06e-05,0.806,6.14%,-6.14%,4.17%,-4.17%,1.18%,-1.18%,1.09%,-1.09%,-0.25%,0.25%,-0.46%,0.46%,-0.04%,0.04%,-0.75%,0.75%,-0.01%,0.01%,-0.15%,0.15%,318.0,0.9655786738481951
109,3.5,4.32e-05,0.881,3.08%,-3.08%,2.83%,-2.83%,3.31%,-3.31%,0.7%,-0.7%,-4.07%,4.07%,0.56%,-0.56%,-2.62%,2.62%,-0.18%,0.18%,-0.01%,0.01%,-0.05%,0.05%,318.0,0.9776279829369704
110,3.5,4.6e-05,0.965,3.05%,-3.05%,2.99%,-2.99%,1.1%,-1.1%,0.35%,-0.35%,-0.21%,0.21%,-0.41%,0.41%,-0.05%,0.05%,-0.15%,0.15%,-0.01%,0.01%,-0.22%,0.22%,318.0,0.9869852071600616
111,3.5,5.12e-05,0.94,2.16%,-2.16%,2.25%,-2.25%,1.53%,-1.53%,0.52%,-0.52%,-1.61%,1.61%,0.05%,-0.05%,-1.16%,1.16%,-0.07%,0.07%,0.01%,-0.01%,0.01%,-0.01%,318.0,0.9969471793966052
112,3.5,5.31e-05,0.88,3.1%,-3.1%,2.64%,-2.64%,0.91%,-0.91%,0.48%,-0.48%,-0.2%,0.2%,-0.3%,0.3%,-0.03%,0.03%,-0.01%,0.01%,-0.01%,0.01%,-0.21%,0.21%,318.0,0.9987969790765019
113,3.5,8e-05,0.952,1.25%,-1.25%,1.55%,-1.55%,0.88%,-0.88%,0.43%,-0.43%,-0.26%,0.26%,-0.09%,0.09%,-0.08%,0.08%,-0.09%,0.09%,0.01%,-0.01%,0.03%,-0.03%,318.0,0.983454888509527
114,3.5,0.00013,0.918,0.66%,-0.66%,0.86%,-0.86%,0.8%,-0.8%,0.45%,-0.45%,-0.13%,0.13%,-0.28%,0.28%,0.18%,-0.18%,0.0%,-0.0%,0.02%,-0.02%,0.06%,-0.06%,318.0,0.9252687082322584
115,3.5,0.0002,0.854,0.68%,-0.68%,0.83%,-0.83%,0.81%,-0.81%,0.44%,-0.44%,0.09%,-0.09%,-0.22%,0.22%,0.26%,-0.26%,0.0%,-0.0%,0.01%,-0.01%,0.08%,-0.08%,318.0,0.8649724887422185
116,3.5,0.00032,0.791,0.72%,-0.72%,0.88%,-0.88%,0.86%,-0.86%,0.5%,-0.5%,-0.21%,0.21%,-0.01%,0.01%,0.11%,-0.11%,0.0%,-0.0%,0.01%,-0.01%,0.07%,-0.07%,318.0,0.7992904392731758
117,3.5,0.0005,0.749,0.76%,-0.76%,1.17%,-1.17%,0.89%,-0.89%,0.37%,-0.37%,-0.23%,0.23%,-0.26%,0.26%,0.3%,-0.3%,0.0%,-0.0%,0.03%,-0.03%,0.05%,-0.05%,318.0,0.7395529467863525
118,3.5,0.0008,0.659,0.67%,-0.67%,1.16%,-1.16%,0.91%,-0.91%,0.37%,-0.37%,0.15%,-0.15%,-0.17%,0.17%,0.2%,-0.2%,0.0%,-0.0%,0.03%,-0.03%,0.05%,-0.05%,318.0,0.6802395208799152
119,3.5,0.0013,0.623,0.87%,-0.87%,1.38%,-1.38%,0.97%,-0.97%,0.42%,-0.42%,-0.27%,0.27%,0.0%,-0.0%,0.12%,-0.12%,0.0%,-0.0%,0.02%,-0.02%,0.07%,-0.07%,318.0,0.6230329066782307
120,3.5,0.002,0.568,0.51%,-0.51%,0.87%,-0.87%,0.85%,-0.85%,0.44%,-0.44%,-0.11%,0.11%,-0.16%,0.16%,-0.02%,0.02%,0.01%,-0.01%,0.02%,-0.02%,0.11%,-0.11%,318.0,0.5757395934269688
121,3.5,0.008,0.462,0.59%,-0.59%,1.12%,-1.12%,1.11%,-1.11%,0.45%,-0.45%,-0.15%,0.15%,-0.36%,0.36%,-0.48%,0.48%,0.01%,-0.01%,-0.02%,0.02%,0.21%,-0.21%,318.0,0.44486141167390664
122,4.5,5.22e-05,0.916,6.4%,-6.4%,4.13%,-4.13%,1.2%,-1.2%,1.15%,-1.15%,-0.29%,0.29%,-0.48%,0.48%,-0.05%,0.05%,-1.15%,1.15%,-0.01%,0.01%,-0.11%,0.11%,318.0,1.0403658705042538
123,4.5,5.92e-05,0.971,2.84%,-2.84%,2.87%,-2.87%,1.01%,-1.01%,0.56%,-0.56%,-0.23%,0.23%,-0.46%,0.46%,-0.05%,0.05%,-0.43%,0.43%,-0.01%,0.01%,-0.19%,0.19%,318.0,1.062467373255269
124,4.5,6.18e-05,0.97,2.97%,-2.97%,2.73%,-2.73%,2.94%,-2.94%,1.0%,-1.0%,-3.82%,3.82%,-0.9%,0.9%,-2.59%,2.59%,-0.18%,0.18%,0.0%,-0.0%,0.03%,-0.03%,318.0,1.067288193869644
125,4.5,6.83e-05,1.08,1.67%,-1.67%,2.23%,-2.23%,0.98%,-0.98%,0.7%,-0.7%,-0.23%,0.23%,-0.33%,0.33%,-0.05%,0.05%,-0.33%,0.33%,-0.01%,0.01%,-0.17%,0.17%,318.0,1.073808658289594
126,4.5,7.32e-05,1.019,1.6%,-1.6%,2.21%,-2.21%,1.1%,-1.1%,0.43%,-0.43%,-0.8%,0.8%,0.04%,-0.04%,-0.67%,0.67%,-0.04%,0.04%,0.01%,-0.01%,0.01%,-0.01%,318.0,1.074976033238399
127,4.5,8.18e-05,1.08,10.38%,-10.38%,11.67%,-11.67%,1.17%,-1.17%,0.69%,-0.69%,-0.2%,0.2%,-0.2%,0.2%,-0.03%,0.03%,-0.08%,0.08%,0.02%,-0.02%,-0.09%,0.09%,318.0,1.0721773482214307
128,4.5,0.00013,1.02,1.2%,-1.2%,0.91%,-0.91%,0.81%,-0.81%,0.55%,-0.55%,-0.32%,0.32%,-0.19%,0.19%,-0.02%,0.02%,-0.1%,0.1%,0.04%,-0.04%,-0.02%,0.02%,318.0,1.0242560434039858
129,4.5,0.0002,0.961,0.74%,-0.74%,0.91%,-0.91%,0.83%,-0.83%,0.51%,-0.51%,0.0%,-0.0%,-0.3%,0.3%,0.32%,-0.32%,0.01%,-0.01%,0.01%,-0.01%,0.05%,-0.05%,318.0,0.9591531520525268
130,4.5,0.00032,0.893,0.8%,-0.8%,0.96%,-0.96%,0.79%,-0.79%,0.35%,-0.35%,-0.01%,0.01%,-0.23%,0.23%,0.03%,-0.03%,0.0%,-0.0%,0.02%,-0.02%,0.08%,-0.08%,318.0,0.884817611621625
131,4.5,0.0005,0.797,0.83%,-0.83%,0.89%,-0.89%,0.86%,-0.86%,0.56%,-0.56%,-0.01%,0.01%,-0.27%,0.27%,0.06%,-0.06%,0.0%,-0.0%,0.02%,-0.02%,0.08%,-0.08%,318.0,0.8163455972535849
132,4.5,0.0008,0.72,0.82%,-0.82%,1.29%,-1.29%,0.88%,-0.88%,0.33%,-0.33%,0.04%,-0.04%,-0.14%,0.14%,0.3%,-0.3%,0.0%,-0.0%,0.03%,-0.03%,0.05%,-0.05%,318.0,0.7481589379174974
133,4.5,0.0013,0.665,0.85%,-0.85%,1.31%,-1.31%,0.97%,-0.97%,0.38%,-0.38%,-0.07%,0.07%,0.02%,-0.02%,0.42%,-0.42%,0.0%,-0.0%,0.03%,-0.03%,0.06%,-0.06%,318.0,0.6823862828128698
134,4.5,0.002,0.615,0.88%,-0.88%,1.31%,-1.31%,0.91%,-0.91%,0.35%,-0.35%,0.31%,-0.31%,-0.24%,0.24%,0.18%,-0.18%,0.0%,-0.0%,0.03%,-0.03%,0.04%,-0.04%,318.0,0.6280469301674517
135,4.5,0.0032,0.572,0.67%,-0.67%,1.23%,-1.23%,0.97%,-0.97%,0.41%,-0.41%,-0.17%,0.17%,-0.33%,0.33%,-0.09%,0.09%,0.0%,-0.0%,0.03%,-0.03%,0.08%,-0.08%,318.0,0.5729920769996124
137,6.5,7.54e-05,1.117,6.27%,-6.27%,4.15%,-4.15%,1.14%,-1.14%,0.64%,-0.64%,-0.18%,0.18%,-0.42%,0.42%,-0.02%,0.02%,0.04%,-0.04%,-0.02%,0.02%,-0.27%,0.27%,318.0,1.1444632332887887
138,6.5,8.03e-05,1.085,3.1%,-3.1%,2.64%,-2.64%,2.25%,-2.25%,0.56%,-0.56%,-2.84%,2.84%,-0.01%,0.01%,-1.89%,1.89%,-0.11%,0.11%,0.0%,-0.0%,0.03%,-0.03%,318.0,1.1572415400853757
139,6.5,8.55e-05,1.097,2.29%,-2.29%,2.61%,-2.61%,1.16%,-1.16%,1.78%,-1.78%,-0.28%,0.28%,-0.45%,0.45%,-0.05%,0.05%,-0.69%,0.69%,-0.01%,0.01%,0.05%,-0.05%,318.0,1.1665851307598094
140,6.5,9.51e-05,1.084,2.62%,-2.62%,2.28%,-2.28%,1.37%,-1.37%,0.91%,-0.91%,-1.47%,1.47%,-0.04%,0.04%,-1.12%,1.12%,0.08%,-0.08%,0.01%,-0.01%,0.02%,-0.02%,318.0,1.1754217460101437
141,6.5,9.86e-05,1.177,1.94%,-1.94%,2.19%,-2.19%,0.91%,-0.91%,0.99%,-0.99%,-0.22%,0.22%,-0.32%,0.32%,-0.03%,0.03%,-0.22%,0.22%,-0.01%,0.01%,-0.18%,0.18%,318.0,1.1766372232859854
142,6.5,0.00013,1.113,1.08%,-1.08%,1.37%,-1.37%,0.8%,-0.8%,0.49%,-0.49%,-0.17%,0.17%,-0.12%,0.12%,-0.08%,0.08%,0.01%,-0.01%,0.0%,-0.0%,-0.11%,0.11%,318.0,1.163845945876459
143,6.5,0.0002,1.112,0.93%,-0.93%,0.63%,-0.63%,0.79%,-0.79%,0.42%,-0.42%,-0.29%,0.29%,-0.15%,0.15%,0.04%,-0.04%,0.02%,-0.02%,0.04%,-0.04%,-0.02%,0.02%,318.0,1.1019248434597302
144,6.5,0.00032,1.001,0.75%,-0.75%,0.66%,-0.66%,0.79%,-0.79%,0.42%,-0.42%,0.13%,-0.13%,-0.17%,0.17%,0.06%,-0.06%,0.02%,-0.02%,0.01%,-0.01%,0.07%,-0.07%,318.0,1.0168976046851472
145,6.5,0.0005,0.933,0.75%,-0.75%,1.16%,-1.16%,0.85%,-0.85%,0.38%,-0.38%,-0.17%,0.17%,-0.15%,0.15%,0.12%,-0.12%,0.0%,-0.0%,0.02%,-0.02%,0.07%,-0.07%,318.0,0.9350909024738956
146,6.5,0.0008,0.849,0.79%,-0.79%,0.85%,-0.85%,0.85%,-0.85%,0.52%,-0.52%,-0.06%,0.06%,-0.31%,0.31%,0.15%,-0.15%,-0.01%,0.01%,0.04%,-0.04%,0.06%,-0.06%,318.0,0.8527330484997641
147,6.5,0.0013,0.758,0.8%,-0.8%,1.08%,-1.08%,0.84%,-0.84%,0.28%,-0.28%,-0.05%,0.05%,-0.19%,0.19%,0.07%,-0.07%,0.0%,-0.0%,0.03%,-0.03%,0.13%,-0.13%,318.0,0.7731298424256063
148,6.5,0.002,0.695,0.76%,-0.76%,0.87%,-0.87%,0.81%,-0.81%,0.28%,-0.28%,-0.02%,0.02%,-0.23%,0.23%,0.08%,-0.08%,-0.01%,0.01%,0.04%,-0.04%,0.07%,-0.07%,318.0,0.7074151697422881
149,6.5,0.0032,0.641,0.67%,-0.67%,1.21%,-1.21%,0.94%,-0.94%,0.37%,-0.37%,-0.14%,0.14%,-0.02%,0.02%,-0.1%,0.1%,0.0%,-0.0%,0.03%,-0.03%,0.07%,-0.07%,318.0,0.6409136640011373
150,6.5,0.005,0.579,0.94%,-0.94%,0.85%,-0.85%,0.97%,-0.97%,0.32%,-0.32%,-0.14%,0.14%,-0.31%,0.31%,-0.04%,0.04%,0.0%,-0.0%,0.04%,-0.04%,0.23%,-0.23%,318.0,0.5826190286969397
153,8.5,9.86e-05,1.161,2.31%,-2.31%,2.99%,-2.99%,0.93%,-0.93%,0.71%,-0.71%,-0.23%,0.23%,-0.44%,0.44%,-0.04%,0.04%,-0.47%,0.47%,-0.01%,0.01%,-0.18%,0.18%,318.0,1.2145058846023782
154,8.5,0.000105,1.183,3.72%,-3.72%,2.8%,-2.8%,2.01%,-2.01%,0.52%,-0.52%,-2.47%,2.47%,-0.62%,0.62%,-2.14%,2.14%,-0.09%,0.09%,0.0%,-0.0%,0.06%,-0.06%,318.0,1.2270842752383417
155,8.5,0.000112,1.18,1.94%,-1.94%,2.48%,-2.48%,1.11%,-1.11%,2.21%,-2.21%,-0.27%,0.27%,-0.35%,0.35%,-0.05%,0.05%,-0.14%,0.14%,0.0%,-0.0%,0.07%,-0.07%,318.0,1.2362526579546098
156,8.5,0.000124,1.259,1.57%,-1.57%,1.95%,-1.95%,0.93%,-0.93%,1.21%,-1.21%,-0.52%,0.52%,-0.06%,0.06%,-0.4%,0.4%,0.23%,-0.23%,0.01%,-0.01%,0.07%,-0.07%,318.0,1.2437120806280495
157,8.5,0.000129,1.232,1.4%,-1.4%,1.92%,-1.92%,0.91%,-0.91%,1.14%,-1.14%,-0.24%,0.24%,-0.26%,0.26%,-0.04%,0.04%,-0.15%,0.15%,-0.01%,0.01%,-0.11%,0.11%,318.0,1.2445776136317346
158,8.5,0.000139,1.257,3.23%,-3.23%,4.77%,-4.77%,1.12%,-1.12%,1.44%,-1.44%,-0.24%,0.24%,-0.15%,0.15%,-0.02%,0.02%,0.87%,-0.87%,0.0%,-0.0%,-0.2%,0.2%,318.0,1.2435505898303278
159,8.5,0.0002,1.195,0.91%,-0.91%,1.29%,-1.29%,0.77%,-0.77%,0.56%,-0.56%,-0.13%,0.13%,-0.09%,0.09%,-0.02%,0.02%,0.07%,-0.07%,0.01%,-0.01%,-0.12%,0.12%,318.0,1.204455668558306
160,8.5,0.00032,1.107,0.71%,-0.71%,0.75%,-0.75%,0.75%,-0.75%,0.52%,-0.52%,0.04%,-0.04%,-0.16%,0.16%,0.09%,-0.09%,0.05%,-0.05%,0.02%,-0.02%,-0.02%,0.02%,318.0,1.1169110273954042
161,8.5,0.0005,1.014,0.81%,-0.81%,0.93%,-0.93%,0.79%,-0.79%,0.37%,-0.37%,0.17%,-0.17%,-0.18%,0.18%,0.13%,-0.13%,-0.01%,0.01%,0.05%,-0.05%,-0.01%,0.01%,318.0,1.0259415162988812
162,8.5,0.0008,0.931,0.88%,-0.88%,0.8%,-0.8%,0.81%,-0.81%,0.31%,-0.31%,0.02%,-0.02%,-0.15%,0.15%,0.12%,-0.12%,0.0%,-0.0%,0.03%,-0.03%,0.14%,-0.14%,318.0,0.9326517030975456
163,8.5,0.0013,0.839,0.91%,-0.91%,0.83%,-0.83%,0.81%,-0.81%,0.37%,-0.37%,-0.09%,0.09%,-0.26%,0.26%,0.09%,-0.09%,0.0%,-0.0%,0.05%,-0.05%,0.07%,-0.07%,318.0,0.8420808665135543
164,8.5,0.002,0.769,0.99%,-0.99%,1.32%,-1.32%,0.88%,-0.88%,0.31%,-0.31%,-0.03%,0.03%,-0.12%,0.12%,0.09%,-0.09%,0.0%,-0.0%,0.03%,-0.03%,0.05%,-0.05%,318.0,0.7673017046876747
165,8.5,0.0032,0.661,1.03%,-1.03%,1.33%,-1.33%,0.94%,-0.94%,0.3%,-0.3%,0.18%,-0.18%,-0.28%,0.28%,-0.05%,0.05%,0.0%,-0.0%,0.03%,-0.03%,0.04%,-0.04%,318.0,0.6917081913858352
166,8.5,0.005,0.632,0.76%,-0.76%,1.25%,-1.25%,0.92%,-0.92%,0.37%,-0.37%,-0.09%,0.09%,-0.47%,0.47%,-0.21%,0.21%,0.0%,-0.0%,0.03%,-0.03%,0.07%,-0.07%,318.0,0.6255281993624836
168,10.0,0.00032,1.138,1.92%,-1.92%,1.12%,-1.12%,0.92%,-0.92%,0.66%,-0.66%,-0.06%,0.06%,-0.04%,0.04%,-0.02%,0.02%,-0.01%,0.01%,0.01%,-0.01%,-0.07%,0.07%,318.0,1.17789431613647
169,10.0,0.0005,1.058,1.78%,-1.78%,1.19%,-1.19%,0.86%,-0.86%,0.34%,-0.34%,0.09%,-0.09%,0.16%,-0.16%,0.03%,-0.03%,-0.01%,0.01%,0.06%,-0.06%,0.05%,-0.05%,318.0,1.0823562746763054
170,10.0,0.0008,0.977,1.84%,-1.84%,1.31%,-1.31%,0.84%,-0.84%,0.3%,-0.3%,0.07%,-0.07%,0.05%,-0.05%,0.02%,-0.02%,-0.02%,0.02%,0.09%,-0.09%,0.15%,-0.15%,318.0,0.9824229979619523
171,10.0,0.0013,0.888,2.13%,-2.13%,1.21%,-1.21%,1.01%,-1.01%,0.11%,-0.11%,-0.16%,0.16%,0.01%,-0.01%,0.02%,-0.02%,-0.06%,0.06%,0.22%,-0.22%,-0.02%,0.02%,318.0,0.8849143534446539
172,10.0,0.002,0.802,2.04%,-2.04%,1.77%,-1.77%,0.89%,-0.89%,0.42%,-0.42%,-0.14%,0.14%,-0.42%,0.42%,0.05%,-0.05%,-0.04%,0.04%,0.13%,-0.13%,0.02%,-0.02%,318.0,0.8043526061819884
173,10.0,0.005,0.628,1.12%,-1.12%,0.77%,-0.77%,0.91%,-0.91%,0.41%,-0.41%,-0.11%,0.11%,-0.48%,0.48%,-0.02%,0.02%,-0.03%,0.03%,0.1%,-0.1%,0.1%,-0.1%,318.0,0.6517668079570249
175,12.0,0.000139,1.281,1.78%,-1.78%,2.91%,-2.91%,0.92%,-0.92%,0.73%,-0.73%,-0.23%,0.23%,-0.36%,0.36%,-0.04%,0.04%,-0.44%,0.44%,-0.01%,0.01%,-0.17%,0.17%,318.0,1.294605891263634
176,12.0,0.000161,1.34,0.91%,-0.91%,1.42%,-1.42%,1.02%,-1.02%,1.35%,-1.35%,-0.26%,0.26%,-0.34%,0.34%,-0.05%,0.05%,0.02%,-0.02%,0.0%,-0.0%,-0.04%,0.04%,318.0,1.3166804512844923
177,12.0,0.000182,1.295,1.31%,-1.31%,1.68%,-1.68%,0.9%,-0.9%,1.4%,-1.4%,-0.24%,0.24%,-0.26%,0.26%,-0.03%,0.03%,0.4%,-0.4%,-0.01%,0.01%,-0.11%,0.11%,318.0,1.3207438210871214
178,12.0,0.0002,1.294,0.82%,-0.82%,0.7%,-0.7%,1.22%,-1.22%,1.08%,-1.08%,-0.9%,0.9%,-0.19%,0.19%,-0.03%,0.03%,0.25%,-0.25%,-0.02%,0.02%,-0.19%,0.19%,318.0,1.3168640433877552
179,12.0,0.00032,1.223,0.76%,-0.76%,0.57%,-0.57%,0.78%,-0.78%,0.57%,-0.57%,-0.28%,0.28%,-0.21%,0.21%,-0.01%,0.01%,0.07%,-0.07%,0.07%,-0.07%,-0.11%,0.11%,318.0,1.2452163300611068
180,12.0,0.0005,1.145,0.53%,-0.53%,0.65%,-0.65%,0.76%,-0.76%,0.47%,-0.47%,-0.1%,0.1%,-0.13%,0.13%,-0.01%,0.01%,0.0%,-0.0%,0.01%,-0.01%,-0.1%,0.1%,318.0,1.1464476199294884
181,12.0,0.0008,1.045,0.67%,-0.67%,0.56%,-0.56%,0.75%,-0.75%,0.44%,-0.44%,-0.01%,0.01%,-0.17%,0.17%,0.05%,-0.05%,-0.03%,0.03%,0.1%,-0.1%,-0.09%,0.09%,318.0,1.0393361077492265
182,12.0,0.0013,0.935,1.03%,-1.03%,0.83%,-0.83%,0.78%,-0.78%,0.33%,-0.33%,0.01%,-0.01%,-0.18%,0.18%,-0.19%,0.19%,-0.01%,0.01%,0.06%,-0.06%,0.04%,-0.04%,318.0,0.9338658486495411
183,12.0,0.002,0.851,1.03%,-1.03%,0.94%,-0.94%,0.79%,-0.79%,0.23%,-0.23%,-0.04%,0.04%,-0.17%,0.17%,-0.02%,0.02%,-0.01%,0.01%,0.06%,-0.06%,0.07%,-0.07%,318.0,0.846580914148822
184,12.0,0.0032,0.754,1.13%,-1.13%,1.36%,-1.36%,0.87%,-0.87%,0.3%,-0.3%,0.1%,-0.1%,-0.33%,0.33%,-0.01%,0.01%,0.0%,-0.0%,0.03%,-0.03%,0.05%,-0.05%,318.0,0.7584306623256055
185,12.0,0.005,0.679,0.85%,-0.85%,1.26%,-1.26%,0.92%,-0.92%,0.34%,-0.34%,-0.14%,0.14%,-0.08%,0.08%,-0.2%,0.2%,0.0%,-0.0%,0.03%,-0.03%,0.07%,-0.07%,318.0,0.6814126492954385
187,15.0,0.000174,1.34,1.37%,-1.37%,3.71%,-3.71%,0.93%,-0.93%,0.75%,-0.75%,-0.22%,0.22%,-0.45%,0.45%,-0.04%,0.04%,-0.37%,0.37%,-0.01%,0.01%,-0.19%,0.19%,318.0,1.3401583345052355
188,15.0,0.0002,1.386,0.93%,-0.93%,2.64%,-2.64%,0.93%,-0.93%,0.47%,-0.47%,-0.19%,0.19%,-0.36%,0.36%,-0.03%,0.03%,0.06%,-0.06%,-0.01%,0.01%,-0.25%,0.25%,318.0,1.3595538820935436
189,15.0,0.000228,1.33,1.81%,-1.81%,2.33%,-2.33%,0.92%,-0.92%,0.44%,-0.44%,-0.19%,0.19%,-0.38%,0.38%,-0.04%,0.04%,0.05%,-0.05%,-0.02%,0.02%,-0.23%,0.23%,318.0,1.3622265233405069
190,15.0,0.00032,1.313,0.85%,-0.85%,0.7%,-0.7%,1.08%,-1.08%,0.72%,-0.72%,-0.68%,0.68%,-0.18%,0.18%,-0.02%,0.02%,0.14%,-0.14%,-0.02%,0.02%,-0.18%,0.18%,318.0,1.3226274850592739
191,15.0,0.0005,1.207,0.47%,-0.47%,0.65%,-0.65%,0.76%,-0.76%,0.51%,-0.51%,-0.13%,0.13%,-0.16%,0.16%,0.0%,-0.0%,0.02%,-0.02%,0.04%,-0.04%,-0.12%,0.12%,318.0,1.225058705278557
192,15.0,0.0008,1.105,0.48%,-0.48%,0.63%,-0.63%,0.76%,-0.76%,0.45%,-0.45%,-0.06%,0.06%,-0.09%,0.09%,0.01%,-0.01%,-0.01%,0.01%,0.02%,-0.02%,-0.11%,0.11%,318.0,1.1102519534723654
193,15.0,0.0013,0.979,0.51%,-0.51%,0.65%,-0.65%,0.79%,-0.79%,0.45%,-0.45%,-0.07%,0.07%,-0.09%,0.09%,0.01%,-0.01%,-0.03%,0.03%,0.09%,-0.09%,-0.1%,0.1%,318.0,0.9949743992569084
194,15.0,0.002,0.868,0.53%,-0.53%,0.67%,-0.67%,0.83%,-0.83%,0.37%,-0.37%,-0.11%,0.11%,-0.14%,0.14%,0.0%,-0.0%,-0.05%,0.05%,0.43%,-0.43%,-0.05%,0.05%,318.0,0.8991756306367507
195,15.0,0.0032,0.783,0.56%,-0.56%,0.78%,-0.78%,0.8%,-0.8%,0.38%,-0.38%,-0.09%,0.09%,-0.15%,0.15%,-0.01%,0.01%,-0.03%,0.03%,0.25%,-0.25%,-0.09%,0.09%,318.0,0.8024232488335898
196,15.0,0.005,0.713,0.59%,-0.59%,0.62%,-0.62%,0.77%,-0.77%,0.36%,-0.36%,-0.09%,0.09%,-0.19%,0.19%,0.0%,-0.0%,-0.03%,0.03%,0.28%,-0.28%,-0.01%,0.01%,318.0,0.7179952712151547
197,15.0,0.008,0.632,0.51%,-0.51%,0.73%,-0.73%,0.78%,-0.78%,0.38%,-0.38%,-0.07%,0.07%,-0.13%,0.13%,-0.01%,0.01%,-0.02%,0.02%,0.18%,-0.18%,-0.07%,0.07%,318.0,0.6365904097421143
199,18.0,0.000209,1.37,1.52%,-1.52%,3.73%,-3.73%,0.91%,-0.91%,0.72%,-0.72%,-0.21%,0.21%,-0.4%,0.4%,-0.04%,0.04%,-0.28%,0.28%,-0.01%,0.01%,-0.2%,0.2%,318.0,1.3727197150783024
200,18.0,0.000237,1.379,0.78%,-0.78%,2.0%,-2.0%,1.0%,-1.0%,0.93%,-0.93%,-0.23%,0.23%,-0.36%,0.36%,-0.05%,0.05%,-0.21%,0.21%,-0.01%,0.01%,-0.14%,0.14%,318.0,1.389471869047616
201,18.0,0.000268,1.372,0.65%,-0.65%,1.18%,-1.18%,0.89%,-0.89%,1.08%,-1.08%,-0.23%,0.23%,-0.28%,0.28%,-0.04%,0.04%,0.41%,-0.41%,-0.01%,0.01%,-0.2%,0.2%,318.0,1.3918998975665087
202,18.0,0.000328,1.383,0.75%,-0.75%,1.05%,-1.05%,0.9%,-0.9%,1.19%,-1.19%,-0.21%,0.21%,-0.15%,0.15%,-0.02%,0.02%,0.66%,-0.66%,0.0%,-0.0%,-0.2%,0.2%,318.0,1.3736332002999414
203,18.0,0.0005,1.281,0.59%,-0.59%,0.61%,-0.61%,0.79%,-0.79%,0.75%,-0.75%,-0.26%,0.26%,-0.17%,0.17%,-0.02%,0.02%,0.2%,-0.2%,0.02%,-0.02%,-0.14%,0.14%,318.0,1.2880472677493398
204,18.0,0.0008,1.155,0.45%,-0.45%,0.58%,-0.58%,0.75%,-0.75%,0.48%,-0.48%,-0.09%,0.09%,-0.14%,0.14%,-0.03%,0.03%,-0.03%,0.03%,-0.01%,0.01%,-0.13%,0.13%,318.0,1.1688407200906872
205,18.0,0.0013,1.038,0.45%,-0.45%,0.62%,-0.62%,0.76%,-0.76%,0.47%,-0.47%,-0.08%,0.08%,-0.09%,0.09%,0.01%,-0.01%,-0.03%,0.03%,0.01%,-0.01%,-0.13%,0.13%,318.0,1.0457669703352641
206,18.0,0.002,0.94,0.51%,-0.51%,0.62%,-0.62%,0.79%,-0.79%,0.43%,-0.43%,-0.08%,0.08%,-0.08%,0.08%,0.04%,-0.04%,-0.03%,0.03%,0.07%,-0.07%,-0.12%,0.12%,318.0,0.9428498214929041
207,18.0,0.0032,0.829,0.53%,-0.53%,0.65%,-0.65%,0.77%,-0.77%,0.38%,-0.38%,-0.1%,0.1%,-0.12%,0.12%,0.0%,-0.0%,-0.03%,0.03%,0.28%,-0.28%,-0.06%,0.06%,318.0,0.8388257290775831
208,18.0,0.005,0.744,0.56%,-0.56%,0.6%,-0.6%,0.77%,-0.77%,0.38%,-0.38%,-0.07%,0.07%,-0.16%,0.16%,-0.01%,0.01%,-0.03%,0.03%,0.14%,-0.14%,-0.04%,0.04%,318.0,0.7481286462870186
209,18.0,0.008,0.664,0.45%,-0.45%,0.66%,-0.66%,0.81%,-0.81%,0.37%,-0.37%,-0.08%,0.08%,-0.17%,0.17%,-0.01%,0.01%,-0.02%,0.02%,0.38%,-0.38%,-0.06%,0.06%,318.0,0.6608104439198311
211,22.0,0.00029,1.434,1.43%,-1.43%,2.21%,-2.21%,1.22%,-1.22%,0.86%,-0.86%,-0.23%,0.23%,-0.33%,0.33%,-0.06%,0.06%,0.0%,-0.0%,0.01%,-0.01%,-0.43%,0.43%,318.0,1.4182258913012769
212,22.0,0.00032,1.431,1.26%,-1.26%,2.81%,-2.81%,0.96%,-0.96%,0.8%,-0.8%,-0.2%,0.2%,-0.26%,0.26%,-0.04%,0.04%,0.1%,-0.1%,0.0%,-0.0%,-0.38%,0.38%,318.0,1.419450681199403
213,22.0,0.000345,1.41,1.1%,-1.1%,1.5%,-1.5%,0.84%,-0.84%,0.8%,-0.8%,-0.18%,0.18%,-0.2%,0.2%,-0.03%,0.03%,0.38%,-0.38%,0.0%,-0.0%,-0.39%,0.39%,318.0,1.4153732167517046
214,22.0,0.000388,1.393,0.87%,-0.87%,1.03%,-1.03%,0.83%,-0.83%,0.88%,-0.88%,-0.19%,0.19%,-0.17%,0.17%,-0.02%,0.02%,0.63%,-0.63%,0.0%,-0.0%,-0.38%,0.38%,318.0,1.4020092553228187
215,22.0,0.0005,1.382,0.82%,-0.82%,0.98%,-0.98%,0.86%,-0.86%,0.98%,-0.98%,-0.19%,0.19%,-0.14%,0.14%,-0.01%,0.01%,0.5%,-0.5%,0.0%,-0.0%,-0.33%,0.33%,318.0,1.353554939803085
216,22.0,0.000592,1.327,0.8%,-0.8%,0.89%,-0.89%,0.88%,-0.88%,1.03%,-1.03%,-0.19%,0.19%,-0.13%,0.13%,-0.01%,0.01%,0.54%,-0.54%,0.0%,-0.0%,-0.28%,0.28%,318.0,1.3128205201936247
217,22.0,0.0008,1.229,0.64%,-0.64%,0.76%,-0.76%,0.84%,-0.84%,0.93%,-0.93%,-0.2%,0.2%,-0.11%,0.11%,0.0%,-0.0%,0.22%,-0.22%,0.0%,-0.0%,-0.16%,0.16%,318.0,1.2333235267263718
218,22.0,0.0013,1.057,2.27%,-2.27%,1.4%,-1.4%,0.93%,-0.93%,0.45%,-0.45%,0.06%,-0.06%,0.21%,-0.21%,0.02%,-0.02%,-0.02%,0.02%,0.1%,-0.1%,-0.08%,0.08%,318.0,1.1023837750863872
219,22.0,0.002,0.99,1.15%,-1.15%,1.24%,-1.24%,0.84%,-0.84%,0.9%,-0.9%,-0.16%,0.16%,-0.22%,0.22%,0.0%,-0.0%,-0.37%,0.37%,0.05%,-0.05%,-0.02%,0.02%,318.0,0.9915850050142422
220,22.0,0.0032,0.9,2.56%,-2.56%,1.18%,-1.18%,0.85%,-0.85%,0.07%,-0.07%,-0.14%,0.14%,0.07%,-0.07%,0.06%,-0.06%,-0.02%,0.02%,0.11%,-0.11%,0.1%,-0.1%,318.0,0.8793500383335027
221,22.0,0.005,0.769,2.37%,-2.37%,0.89%,-0.89%,0.83%,-0.83%,0.37%,-0.37%,-0.09%,0.09%,-0.44%,0.44%,0.05%,-0.05%,-0.03%,0.03%,0.12%,-0.12%,0.14%,-0.14%,318.0,0.7815492732605223
222,22.0,0.008,0.656,2.43%,-2.43%,0.93%,-0.93%,0.86%,-0.86%,0.55%,-0.55%,-0.17%,0.17%,-0.54%,0.54%,0.04%,-0.04%,-0.02%,0.02%,0.1%,-0.1%,0.19%,-0.19%,318.0,0.6875343662380764
225,27.0,0.000314,1.48,2.47%,-2.47%,3.86%,-3.86%,0.91%,-0.91%,0.58%,-0.58%,-0.22%,0.22%,-0.47%,0.47%,-0.04%,0.04%,-0.23%,0.23%,-0.01%,0.01%,-0.2%,0.2%,318.0,1.4292149895752273
226,27.0,0.000355,1.441,0.88%,-0.88%,2.64%,-2.64%,0.91%,-0.91%,0.54%,-0.54%,-0.19%,0.19%,-0.35%,0.35%,-0.03%,0.03%,0.07%,-0.07%,-0.01%,0.01%,-0.24%,0.24%,318.0,1.4414738734324655
227,27.0,0.00041,1.462,0.73%,-0.73%,2.16%,-2.16%,0.9%,-0.9%,0.66%,-0.66%,-0.2%,0.2%,-0.34%,0.34%,-0.02%,0.02%,-0.07%,0.07%,-0.01%,0.01%,-0.21%,0.21%,318.0,1.4383604830685353
228,27.0,0.0005,1.411,0.7%,-0.7%,0.74%,-0.74%,0.87%,-0.87%,0.64%,-0.64%,-0.43%,0.43%,-0.23%,0.23%,-0.02%,0.02%,0.04%,-0.04%,-0.07%,0.07%,-0.16%,0.16%,318.0,1.4117232496062255
229,27.0,0.0008,1.289,0.44%,-0.44%,0.67%,-0.67%,0.74%,-0.74%,0.49%,-0.49%,-0.12%,0.12%,-0.16%,0.16%,-0.01%,0.01%,0.02%,-0.02%,-0.02%,0.02%,-0.13%,0.13%,318.0,1.297926053565166
230,27.0,0.0013,1.154,0.47%,-0.47%,0.65%,-0.65%,0.76%,-0.76%,0.48%,-0.48%,-0.07%,0.07%,-0.12%,0.12%,0.0%,-0.0%,-0.01%,0.01%,-0.03%,0.03%,-0.13%,0.13%,318.0,1.1606188182834147
231,27.0,0.002,1.044,0.52%,-0.52%,0.64%,-0.64%,0.77%,-0.77%,0.42%,-0.42%,-0.08%,0.08%,-0.1%,0.1%,0.01%,-0.01%,-0.03%,0.03%,0.06%,-0.06%,-0.13%,0.13%,318.0,1.041940594895997
232,27.0,0.0032,0.913,0.53%,-0.53%,0.66%,-0.66%,0.78%,-0.78%,0.36%,-0.36%,-0.1%,0.1%,-0.18%,0.18%,0.0%,-0.0%,-0.04%,0.04%,0.22%,-0.22%,-0.08%,0.08%,318.0,0.9211756042854923
233,27.0,0.005,0.8,0.54%,-0.54%,0.65%,-0.65%,0.78%,-0.78%,0.39%,-0.39%,-0.1%,0.1%,-0.18%,0.18%,-0.01%,0.01%,-0.04%,0.04%,0.23%,-0.23%,-0.07%,0.07%,318.0,0.8159316566177185
234,27.0,0.008,0.707,0.58%,-0.58%,0.66%,-0.66%,0.78%,-0.78%,0.39%,-0.39%,-0.07%,0.07%,-0.11%,0.11%,-0.01%,0.01%,-0.01%,0.01%,0.09%,-0.09%,-0.07%,0.07%,318.0,0.7149010236327288
238,35.0,0.00046,1.427,1.01%,-1.01%,1.99%,-1.99%,0.94%,-0.94%,0.53%,-0.53%,-0.2%,0.2%,-0.39%,0.39%,-0.04%,0.04%,-0.02%,0.02%,0.0%,-0.0%,-0.43%,0.43%,318.0,1.4620112493405917
239,35.0,0.0005,1.472,1.38%,-1.38%,1.91%,-1.91%,0.92%,-0.92%,0.26%,-0.26%,-0.16%,0.16%,-0.23%,0.23%,-0.03%,0.03%,-0.01%,0.01%,0.01%,-0.01%,-0.59%,0.59%,318.0,1.4602741097142624
240,35.0,0.000531,1.44,0.78%,-0.78%,1.24%,-1.24%,0.8%,-0.8%,0.46%,-0.46%,-0.17%,0.17%,-0.28%,0.28%,-0.03%,0.03%,0.26%,-0.26%,-0.01%,0.01%,-0.45%,0.45%,318.0,1.4556179003893521
241,35.0,0.000616,1.458,0.99%,-0.99%,1.23%,-1.23%,0.79%,-0.79%,0.56%,-0.56%,-0.16%,0.16%,-0.16%,0.16%,-0.01%,0.01%,0.48%,-0.48%,0.01%,-0.01%,-0.57%,0.57%,318.0,1.4342419718453874
242,35.0,0.000657,1.433,0.88%,-0.88%,0.97%,-0.97%,0.8%,-0.8%,0.66%,-0.66%,-0.16%,0.16%,-0.14%,0.14%,-0.01%,0.01%,0.57%,-0.57%,0.0%,-0.0%,-0.52%,0.52%,318.0,1.4216040624037531
243,35.0,0.0008,1.386,0.49%,-0.49%,0.59%,-0.59%,0.76%,-0.76%,0.62%,-0.62%,-0.19%,0.19%,-0.17%,0.17%,-0.01%,0.01%,0.14%,-0.14%,-0.02%,0.02%,-0.24%,0.24%,318.0,1.3745163790120738
244,35.0,0.001,1.312,0.7%,-0.7%,0.75%,-0.75%,0.84%,-0.84%,0.83%,-0.83%,-0.18%,0.18%,-0.12%,0.12%,-0.01%,0.01%,0.35%,-0.35%,0.0%,-0.0%,-0.37%,0.37%,318.0,1.312133081644882
245,35.0,0.0013,1.222,0.42%,-0.42%,0.48%,-0.48%,0.74%,-0.74%,0.55%,-0.55%,-0.11%,0.11%,-0.06%,0.06%,0.0%,-0.0%,0.04%,-0.04%,-0.02%,0.02%,-0.2%,0.2%,318.0,1.2341945829558052
246,35.0,0.002,1.099,0.52%,-0.52%,0.55%,-0.55%,0.74%,-0.74%,0.47%,-0.47%,-0.1%,0.1%,-0.05%,0.05%,0.0%,-0.0%,-0.04%,0.04%,-0.01%,0.01%,-0.15%,0.15%,318.0,1.106382617220961
247,35.0,0.0032,0.963,0.49%,-0.49%,0.56%,-0.56%,0.77%,-0.77%,0.44%,-0.44%,-0.08%,0.08%,-0.11%,0.11%,0.0%,-0.0%,-0.14%,0.14%,0.07%,-0.07%,-0.17%,0.17%,318.0,0.9748367037430238
248,35.0,0.005,0.851,0.6%,-0.6%,0.54%,-0.54%,0.77%,-0.77%,0.37%,-0.37%,-0.09%,0.09%,-0.18%,0.18%,-0.01%,0.01%,-0.04%,0.04%,0.13%,-0.13%,-0.09%,0.09%,318.0,0.8598908879313581
249,35.0,0.008,0.746,0.6%,-0.6%,0.58%,-0.58%,0.78%,-0.78%,0.36%,-0.36%,-0.08%,0.08%,-0.22%,0.22%,-0.01%,0.01%,-0.04%,0.04%,0.21%,-0.21%,-0.09%,0.09%,318.0,0.7497374434847796
254,45.0,0.00059,1.468,1.79%,-1.79%,2.82%,-2.82%,1.08%,-1.08%,0.14%,-0.14%,-0.16%,0.16%,-0.28%,0.28%,-0.04%,0.04%,0.09%,-0.09%,0.01%,-0.01%,-0.84%,0.84%,318.0,1.472258042641518
255,45.0,0.000634,1.451,0.87%,-0.87%,1.7%,-1.7%,0.83%,-0.83%,0.42%,-0.42%,-0.19%,0.19%,-0.34%,0.34%,-0.03%,0.03%,-0.12%,0.12%,-0.01%,0.01%,-0.47%,0.47%,318.0,1.4694136718179005
256,45.0,0.0007,1.485,1.42%,-1.42%,2.05%,-2.05%,0.8%,-0.8%,0.15%,-0.15%,-0.13%,0.13%,-0.18%,0.18%,-0.01%,0.01%,0.34%,-0.34%,0.01%,-0.01%,-0.81%,0.81%,318.0,1.4589996116443806
257,45.0,0.0008,1.46,0.72%,-0.72%,0.8%,-0.8%,0.75%,-0.75%,0.47%,-0.47%,-0.21%,0.21%,-0.23%,0.23%,-0.02%,0.02%,0.06%,-0.06%,-0.08%,0.08%,-0.34%,0.34%,318.0,1.4355832229697574
258,45.0,0.00092,1.388,0.98%,-0.98%,1.22%,-1.22%,0.77%,-0.77%,0.35%,-0.35%,-0.13%,0.13%,-0.13%,0.13%,-0.01%,0.01%,0.57%,-0.57%,0.0%,-0.0%,-0.7%,0.7%,318.0,1.4028485086455935
259,45.0,0.0011,1.371,0.84%,-0.84%,1.17%,-1.17%,0.77%,-0.77%,0.43%,-0.43%,-0.14%,0.14%,-0.12%,0.12%,-0.01%,0.01%,0.41%,-0.41%,0.0%,-0.0%,-0.62%,0.62%,318.0,1.3535640949554368
260,45.0,0.0013,1.294,0.48%,-0.48%,0.53%,-0.53%,0.74%,-0.74%,0.5%,-0.5%,-0.13%,0.13%,-0.13%,0.13%,-0.01%,0.01%,0.17%,-0.17%,-0.01%,0.01%,-0.33%,0.33%,318.0,1.3033612573496602
261,45.0,0.002,1.152,0.44%,-0.44%,0.53%,-0.53%,0.73%,-0.73%,0.49%,-0.49%,-0.1%,0.1%,-0.06%,0.06%,0.0%,-0.0%,0.04%,-0.04%,-0.01%,0.01%,-0.21%,0.21%,318.0,1.1689253961320363
262,45.0,0.0032,1.005,0.49%,-0.49%,0.52%,-0.52%,0.74%,-0.74%,0.48%,-0.48%,-0.09%,0.09%,-0.11%,0.11%,0.0%,-0.0%,-0.18%,0.18%,0.0%,-0.0%,-0.2%,0.2%,318.0,1.027224399420915
263,45.0,0.005,0.896,0.65%,-0.65%,0.52%,-0.52%,0.76%,-0.76%,0.31%,-0.31%,-0.05%,0.05%,-0.21%,0.21%,0.0%,-0.0%,-0.04%,0.04%,0.07%,-0.07%,-0.1%,0.1%,318.0,0.9028567187376213
264,45.0,0.008,0.78,0.67%,-0.67%,0.53%,-0.53%,0.76%,-0.76%,0.29%,-0.29%,-0.1%,0.1%,-0.09%,0.09%,0.0%,-0.0%,-0.04%,0.04%,0.06%,-0.06%,-0.1%,0.1%,318.0,0.7836640709287198
0,0.045,6.21e-07,0.078,5.06%,-5.06%,1.5%,-1.5%,7.3%,-7.3%,3.16%,-3.16%,1.25%,-1.25%,-0.75%,0.75%,-7.46%,7.46%,0.0%,-0.0%,-0.02%,0.02%,0.02%,-0.02%,300.0,0.07681179588385836
1,0.065,8.97e-07,0.109,2.99%,-2.99%,1.5%,-1.5%,6.28%,-6.28%,3.03%,-3.03%,1.42%,-1.42%,-0.9%,0.9%,-7.4%,7.4%,0.0%,-0.0%,-0.02%,0.02%,0.02%,-0.02%,300.0,0.10342352110820852
2,0.065,1.02e-06,0.11,4.7%,-4.7%,1.5%,-1.5%,5.99%,-5.99%,3.78%,-3.78%,1.54%,-1.54%,-0.79%,0.79%,-4.23%,4.23%,-0.01%,0.01%,-0.02%,0.02%,0.01%,-0.01%,300.0,0.10370805337649427
3,0.085,1.17e-06,0.133,2.96%,-2.96%,1.5%,-1.5%,5.55%,-5.55%,2.86%,-2.86%,1.49%,-1.49%,-0.83%,0.83%,-6.3%,6.3%,0.0%,-0.0%,-0.02%,0.02%,0.01%,-0.01%,300.0,0.12744590388154076
4,0.085,1.34e-06,0.128,2.28%,-2.28%,1.5%,-1.5%,4.03%,-4.03%,2.02%,-2.02%,1.2%,-1.2%,-0.53%,0.53%,-4.09%,4.09%,0.0%,-0.0%,-0.02%,0.02%,0.01%,-0.01%,300.0,0.1280777703077679
5,0.085,1.56e-06,0.125,4.79%,-4.79%,1.5%,-1.5%,4.55%,-4.55%,1.08%,-1.08%,1.14%,-1.14%,0.07%,-0.07%,-1.47%,1.47%,0.0%,-0.0%,0.0%,-0.0%,0.02%,-0.02%,300.0,0.1281550622455088
6,0.11,1.51e-06,0.161,3.49%,-3.49%,1.5%,-1.5%,5.49%,-5.49%,3.46%,-3.46%,1.6%,-1.6%,-0.83%,0.83%,-5.99%,5.99%,0.0%,-0.0%,-0.02%,0.02%,0.01%,-0.01%,300.0,0.15468153319645042
7,0.11,1.73e-06,0.162,1.82%,-1.82%,0.99%,-0.99%,3.28%,-3.28%,2.46%,-2.46%,1.44%,-1.44%,-0.71%,0.71%,-2.84%,2.84%,-0.01%,0.01%,-0.02%,0.02%,0.01%,-0.01%,300.0,0.15579155678398668
8,0.11,2.02e-06,0.155,1.8%,-1.8%,0.89%,-0.89%,2.48%,-2.48%,1.7%,-1.7%,1.31%,-1.31%,-0.41%,0.41%,-1.07%,1.07%,0.0%,-0.0%,-0.01%,0.01%,0.01%,-0.01%,300.0,0.15613400370807734
9,0.11,2.43e-06,0.148,3.76%,-3.76%,1.5%,-1.5%,3.52%,-3.52%,1.18%,-1.18%,0.92%,-0.92%,-0.28%,0.28%,-0.37%,0.37%,0.0%,-0.0%,0.0%,-0.0%,0.01%,-0.01%,300.0,0.1555925266814851
10,0.15,2.07e-06,0.22,4.37%,-4.37%,1.5%,-1.5%,4.59%,-4.59%,2.68%,-2.68%,1.68%,-1.68%,-0.91%,0.91%,-4.2%,4.2%,0.0%,-0.0%,-0.02%,0.02%,0.01%,-0.01%,300.0,0.1935222030867951
11,0.15,2.36e-06,0.194,2.02%,-2.02%,1.02%,-1.02%,3.08%,-3.08%,1.88%,-1.88%,1.39%,-1.39%,-0.44%,0.44%,-1.89%,1.89%,0.0%,-0.0%,-0.02%,0.02%,0.01%,-0.01%,300.0,0.19532254919306452
12,0.15,2.76e-06,0.197,1.63%,-1.63%,0.92%,-0.92%,2.28%,-2.28%,1.46%,-1.46%,1.25%,-1.25%,-0.07%,0.07%,-0.78%,0.78%,0.0%,-0.0%,-0.01%,0.01%,0.01%,-0.01%,300.0,0.19611715237641952
13,0.15,3.31e-06,0.198,1.54%,-1.54%,0.78%,-0.78%,2.15%,-2.15%,1.35%,-1.35%,1.15%,-1.15%,-0.33%,0.33%,0.04%,-0.04%,0.0%,-0.0%,0.0%,-0.0%,0.01%,-0.01%,300.0,0.19566748306079595
14,0.15,4.14e-06,0.186,1.98%,-1.98%,0.83%,-0.83%,2.37%,-2.37%,0.86%,-0.86%,0.56%,-0.56%,-0.12%,0.12%,-0.15%,0.15%,0.0%,-0.0%,0.0%,-0.0%,0.01%,-0.01%,300.0,0.1938079442744219
15,0.2,3.15e-06,0.243,2.5%,-2.5%,0.95%,-0.95%,2.99%,-2.99%,2.11%,-2.11%,1.42%,-1.42%,-1.04%,1.04%,-1.82%,1.82%,0.0%,-0.0%,-0.02%,0.02%,0.01%,-0.01%,300.0,0.23853892645266206
16,0.2,3.68e-06,0.242,1.99%,-1.99%,0.95%,-0.95%,2.16%,-2.16%,1.46%,-1.46%,1.29%,-1.29%,-0.35%,0.35%,-0.74%,0.74%,0.0%,-0.0%,0.0%,-0.0%,0.01%,-0.01%,300.0,0.23988848543800922
17,0.2,4.41e-06,0.236,1.63%,-1.63%,0.75%,-0.75%,2.03%,-2.03%,1.16%,-1.16%,1.02%,-1.02%,-0.04%,0.04%,-0.2%,0.2%,0.0%,-0.0%,0.0%,-0.0%,0.01%,-0.01%,300.0,0.2395684212725492
18,0.2,5.52e-06,0.233,1.48%,-1.48%,0.65%,-0.65%,1.9%,-1.9%,1.2%,-1.2%,0.71%,-0.71%,-0.23%,0.23%,0.21%,-0.21%,0.0%,-0.0%,0.0%,-0.0%,0.01%,-0.01%,300.0,0.23735346978280927
19,0.25,3.94e-06,0.27,4.11%,-4.11%,1.5%,-1.5%,2.86%,-2.86%,1.95%,-1.95%,1.7%,-1.7%,-0.48%,0.48%,-0.07%,0.07%,0.0%,-0.0%,-0.01%,0.01%,0.01%,-0.01%,300.0,0.27663918664026704
20,0.25,4.6e-06,0.274,2.1%,-2.1%,0.93%,-0.93%,2.62%,-2.62%,1.67%,-1.67%,1.19%,-1.19%,-0.3%,0.3%,-0.11%,0.11%,0.0%,-0.0%,-0.01%,0.01%,0.01%,-0.01%,300.0,0.2785092729959305
21,0.25,5.52e-06,0.278,1.79%,-1.79%,0.93%,-0.93%,1.93%,-1.93%,1.27%,-1.27%,1.06%,-1.06%,-0.27%,0.27%,0.0%,-0.0%,0.0%,-0.0%,0.0%,-0.0%,0.01%,-0.01%,300.0,0.27830264000530075
22,0.25,6.9e-06,0.273,1.57%,-1.57%,0.79%,-0.79%,1.91%,-1.91%,1.18%,-1.18%,0.7%,-0.7%,-0.26%,0.26%,0.12%,-0.12%,0.0%,-0.0%,0.0%,-0.0%,0.01%,-0.01%,300.0,0.27575810897111885
23,0.35,5.12e-06,0.332,3.43%,-3.43%,1.5%,-1.5%,3.36%,-3.36%,2.02%,-2.02%,1.64%,-1.64%,-0.52%,0.52%,0.81%,-0.81%,0.0%,-0.0%,-0.01%,0.01%,0.01%,-0.01%,300.0,0.33926636782720726
24,0.35,6.1e-06,0.358,5.74%,-5.74%,11.03%,-11.03%,4.73%,-4.73%,1.0%,-1.0%,-1.88%,1.88%,-1.73%,1.73%,4.03%,-4.03%,0.01%,-0.01%,-0.07%,0.07%,0.01%,-0.01%,300.0,0.34401678186042983
25,0.35,6.62e-06,0.327,2.07%,-2.07%,0.92%,-0.92%,1.94%,-1.94%,1.24%,-1.24%,1.01%,-1.01%,-0.32%,0.32%,-0.31%,0.31%,0.0%,-0.0%,0.0%,-0.0%,0.01%,-0.01%,300.0,0.34484738297356754
26,0.35,8.28e-06,0.329,1.83%,-1.83%,0.93%,-0.93%,1.97%,-1.97%,1.26%,-1.26%,0.74%,-0.74%,-0.23%,0.23%,0.07%,-0.07%,0.0%,-0.0%,0.0%,-0.0%,0.01%,-0.01%,300.0,0.34393375245213587
27,0.4,8.83e-06,0.346,3.87%,-3.87%,1.5%,-1.5%,2.61%,-2.61%,1.3%,-1.3%,1.02%,-1.02%,-0.26%,0.26%,0.45%,-0.45%,0.0%,-0.0%,0.0%,-0.0%,0.0%,-0.0%,300.0,0.37356089629542216
28,0.4,1.1e-05,0.367,2.19%,-2.19%,0.89%,-0.89%,2.25%,-2.25%,1.49%,-1.49%,0.66%,-0.66%,-0.36%,0.36%,0.21%,-0.21%,0.0%,-0.0%,0.0%,-0.0%,0.01%,-0.01%,300.0,0.37012726628281584
29,0.5,8.6e-06,0.441,3.75%,-3.75%,9.17%,-9.17%,3.54%,-3.54%,0.92%,-0.92%,-1.56%,1.56%,-0.96%,0.96%,3.31%,-3.31%,0.01%,-0.01%,-0.05%,0.05%,0.02%,-0.02%,300.0,0.4238116321856543
30,0.65,1.12e-05,0.51,4.25%,-4.25%,2.61%,-2.61%,2.74%,-2.74%,1.09%,-1.09%,-1.44%,1.44%,-0.9%,0.9%,2.01%,-2.01%,0.01%,-0.01%,-0.05%,0.05%,0.03%,-0.03%,300.0,0.48903189879598
31,0.65,1.64e-05,0.507,3.02%,-3.02%,7.28%,-7.28%,2.37%,-2.37%,0.69%,-0.69%,-0.87%,0.87%,-0.33%,0.33%,1.22%,-1.22%,0.0%,-0.0%,-0.02%,0.02%,0.03%,-0.03%,300.0,0.48799422843951357
32,0.85,1.38e-05,0.614,5.2%,-5.2%,9.45%,-9.45%,5.02%,-5.02%,1.1%,-1.1%,-2.04%,2.04%,-1.73%,1.73%,4.69%,-4.69%,0.02%,-0.02%,-0.08%,0.08%,0.01%,-0.01%,300.0,0.5582162731143311
33,0.85,2e-05,0.606,2.33%,-2.33%,1.23%,-1.23%,2.05%,-2.05%,0.97%,-0.97%,-0.97%,0.97%,-0.5%,0.5%,0.68%,-0.68%,0.01%,-0.01%,-0.04%,0.04%,0.03%,-0.03%,300.0,0.5609288273801751
34,1.2,2e-05,0.74,3.6%,-3.6%,8.36%,-8.36%,3.6%,-3.6%,0.89%,-0.89%,-1.55%,1.55%,-1.44%,1.44%,3.22%,-3.22%,0.01%,-0.01%,-0.05%,0.05%,0.02%,-0.02%,300.0,0.6572683176865465
35,1.2,3.2e-05,0.665,2.14%,-2.14%,1.09%,-1.09%,2.05%,-2.05%,0.64%,-0.64%,-1.07%,1.07%,-0.61%,0.61%,0.0%,-0.0%,0.01%,-0.01%,-0.05%,0.05%,0.03%,-0.03%,300.0,0.653264098560614
36,1.5,3.2e-05,0.817,1.18%,-1.18%,3.2%,-3.2%,2.12%,-2.12%,0.97%,-0.97%,-4.33%,4.33%,-0.33%,0.33%,0.23%,-0.23%,0.02%,-0.02%,-0.12%,0.12%,-0.03%,0.03%,300.0,0.726332921891283
37,2.0,3.27e-05,0.856,2.65%,-2.65%,2.11%,-2.11%,2.55%,-2.55%,1.19%,-1.19%,-2.36%,2.36%,-0.82%,0.82%,-0.04%,0.04%,0.02%,-0.02%,-0.09%,0.09%,-0.02%,0.02%,300.0,0.8091352905149938
38,2.0,5e-05,0.854,1.31%,-1.31%,1.64%,-1.64%,1.22%,-1.22%,0.68%,-0.68%,-1.21%,1.21%,-0.45%,0.45%,0.49%,-0.49%,0.01%,-0.01%,-0.03%,0.03%,0.03%,-0.03%,300.0,0.8054836887753246
39,2.7,4.09e-05,0.961,1.54%,-1.54%,6.21%,-6.21%,1.94%,-1.94%,0.95%,-0.95%,-3.84%,3.84%,-0.81%,0.81%,-0.5%,0.5%,0.03%,-0.03%,-0.13%,0.13%,-0.05%,0.05%,300.0,0.8938738120367221
40,2.7,5e-05,0.886,1.06%,-1.06%,1.27%,-1.27%,1.31%,-1.31%,0.81%,-0.81%,-1.82%,1.82%,-0.57%,0.57%,0.5%,-0.5%,0.02%,-0.02%,-0.08%,0.08%,0.02%,-0.02%,300.0,0.9045685945896136
41,2.7,8e-05,0.905,3.27%,-3.27%,1.0%,-1.0%,1.65%,-1.65%,0.71%,-0.71%,-0.43%,0.43%,-0.85%,0.85%,-0.1%,0.1%,0.01%,-0.01%,-0.03%,0.03%,0.01%,-0.01%,300.0,0.8787705562558046
42,3.5,5.73e-05,1.008,1.94%,-1.94%,3.35%,-3.35%,2.62%,-2.62%,0.98%,-0.98%,-2.97%,2.97%,-0.9%,0.9%,-0.26%,0.26%,0.09%,-0.09%,-0.39%,0.39%,-0.39%,0.39%,300.0,0.9780118306727563
43,3.5,8e-05,0.98,0.99%,-0.99%,1.05%,-1.05%,1.06%,-1.06%,0.68%,-0.68%,-1.21%,1.21%,-0.58%,0.58%,-0.23%,0.23%,0.0%,-0.0%,-0.03%,0.03%,0.0%,-0.0%,300.0,0.9740085968332844
44,4.5,8.18e-05,1.115,1.59%,-1.59%,1.06%,-1.06%,1.47%,-1.47%,0.89%,-0.89%,-1.8%,1.8%,-0.7%,0.7%,0.02%,-0.02%,0.04%,-0.04%,-0.16%,0.16%,0.03%,-0.03%,300.0,1.0537252115056792
45,4.5,0.00013,1.01,1.02%,-1.02%,1.68%,-1.68%,0.91%,-0.91%,0.51%,-0.51%,-0.45%,0.45%,-0.46%,0.46%,0.16%,-0.16%,0.01%,-0.01%,-0.01%,0.01%,0.03%,-0.03%,300.0,1.0188114847406324
46,6.5,9.86e-05,1.165,2.41%,-2.41%,0.99%,-0.99%,2.79%,-2.79%,0.88%,-0.88%,-2.27%,2.27%,-0.64%,0.64%,-0.29%,0.29%,0.09%,-0.09%,-0.39%,0.39%,-0.23%,0.23%,300.0,1.1450223887461652
47,6.5,0.00013,1.174,1.11%,-1.11%,0.6%,-0.6%,1.1%,-1.1%,0.64%,-0.64%,-1.27%,1.27%,-0.52%,0.52%,-0.04%,0.04%,0.02%,-0.02%,-0.1%,0.1%,0.0%,-0.0%,300.0,1.1483162095161468
48,6.5,0.0002,1.111,1.15%,-1.15%,1.41%,-1.41%,0.89%,-0.89%,0.5%,-0.5%,-0.19%,0.19%,-0.52%,0.52%,0.53%,-0.53%,0.0%,-0.0%,0.0%,-0.0%,0.04%,-0.04%,300.0,1.0969716265733633
49,8.5,0.000139,1.177,1.59%,-1.59%,1.25%,-1.25%,2.31%,-2.31%,1.21%,-1.21%,-4.1%,4.1%,-0.65%,0.65%,-0.82%,0.82%,0.06%,-0.06%,-0.28%,0.28%,-0.14%,0.14%,300.0,1.2161533730529739
50,8.5,0.0002,1.212,1.07%,-1.07%,0.81%,-0.81%,0.91%,-0.91%,0.51%,-0.51%,-0.76%,0.76%,-0.36%,0.36%,-0.2%,0.2%,-0.01%,0.01%,0.0%,-0.0%,0.0%,-0.0%,300.0,1.1939812019239522
51,10.0,0.00013,1.149,4.37%,-4.37%,1.41%,-1.41%,3.66%,-3.66%,1.08%,-1.08%,-2.3%,2.3%,-0.87%,0.87%,-0.5%,0.5%,0.11%,-0.11%,-0.52%,0.52%,0.11%,-0.11%,300.0,1.2252430884233707
52,10.0,0.0002,1.245,2.1%,-2.1%,1.33%,-1.33%,1.39%,-1.39%,0.68%,-0.68%,-0.64%,0.64%,-0.54%,0.54%,-0.18%,0.18%,0.02%,-0.02%,-0.09%,0.09%,0.12%,-0.12%,300.0,1.245392720316639
53,12.0,0.000161,1.226,4.12%,-4.12%,3.78%,-3.78%,1.0%,-1.0%,0.55%,-0.55%,-0.11%,0.11%,-0.16%,0.16%,-0.01%,0.01%,-0.01%,0.01%,-0.46%,0.46%,-0.15%,0.15%,300.0,1.2707944964959879
54,12.0,0.0002,1.283,1.19%,-1.19%,1.35%,-1.35%,1.89%,-1.89%,1.08%,-1.08%,-1.41%,1.41%,-0.51%,0.51%,-0.19%,0.19%,0.02%,-0.02%,-0.21%,0.21%,-0.12%,0.12%,300.0,1.2897682439736227
55,12.0,0.00032,1.225,0.78%,-0.78%,1.51%,-1.51%,0.94%,-0.94%,0.6%,-0.6%,-0.41%,0.41%,-0.31%,0.31%,0.02%,-0.02%,0.0%,-0.0%,-0.16%,0.16%,-0.05%,0.05%,300.0,1.2374993635988707
56,15.0,0.0002,1.258,3.21%,-3.21%,3.61%,-3.61%,1.0%,-1.0%,0.54%,-0.54%,-0.11%,0.11%,-0.14%,0.14%,-0.01%,0.01%,-0.01%,0.01%,-0.48%,0.48%,-0.15%,0.15%,300.0,1.3122673048984919
57,15.0,0.000246,1.36,1.17%,-1.17%,1.52%,-1.52%,1.43%,-1.43%,0.76%,-0.76%,-1.11%,1.11%,-0.46%,0.46%,-0.13%,0.13%,0.01%,-0.01%,-0.39%,0.39%,-0.1%,0.1%,300.0,1.329558845867756
58,15.0,0.00032,1.29,0.94%,-0.94%,1.36%,-1.36%,1.0%,-1.0%,0.68%,-0.68%,-0.63%,0.63%,-0.22%,0.22%,-0.05%,0.05%,0.0%,-0.0%,-0.19%,0.19%,-0.1%,0.1%,300.0,1.308399991733873
59,18.0,0.000268,1.318,3.26%,-3.26%,3.67%,-3.67%,0.99%,-0.99%,0.54%,-0.54%,-0.11%,0.11%,-0.17%,0.17%,-0.01%,0.01%,-0.01%,0.01%,-0.46%,0.46%,-0.15%,0.15%,300.0,1.3551389447740272
60,18.0,0.000328,1.362,1.25%,-1.25%,1.67%,-1.67%,1.09%,-1.09%,0.62%,-0.62%,-0.67%,0.67%,-0.47%,0.47%,0.06%,-0.06%,0.0%,-0.0%,-0.18%,0.18%,-0.08%,0.08%,300.0,1.351807060297129
61,18.0,0.0005,1.266,0.93%,-0.93%,1.01%,-1.01%,0.95%,-0.95%,0.71%,-0.71%,-0.44%,0.44%,-0.29%,0.29%,-0.08%,0.08%,0.0%,-0.0%,-0.14%,0.14%,-0.07%,0.07%,300.0,1.281078622131302
62,22.0,0.0005,1.335,2.57%,-2.57%,1.22%,-1.22%,1.18%,-1.18%,1.36%,-1.36%,-0.85%,0.85%,-0.43%,0.43%,-0.08%,0.08%,0.02%,-0.02%,-0.07%,0.07%,0.04%,-0.04%,300.0,1.341589630624769
63,27.0,0.000335,1.389,4.11%,-4.11%,3.92%,-3.92%,0.98%,-0.98%,0.54%,-0.54%,-0.12%,0.12%,-0.15%,0.15%,-0.01%,0.01%,-0.01%,0.01%,-0.45%,0.45%,-0.14%,0.14%,300.0,1.3820430423759233
64,27.0,0.00041,1.405,1.16%,-1.16%,2.1%,-2.1%,1.15%,-1.15%,0.63%,-0.63%,-0.7%,0.7%,-0.4%,0.4%,-0.04%,0.04%,-0.01%,0.01%,-0.08%,0.08%,-0.11%,0.11%,300.0,1.4035076864292713
65,27.0,0.0005,1.407,1.15%,-1.15%,1.46%,-1.46%,0.92%,-0.92%,0.77%,-0.77%,-0.59%,0.59%,-0.31%,0.31%,-0.02%,0.02%,0.0%,-0.0%,-0.21%,0.21%,-0.07%,0.07%,300.0,1.3910099671792464
66,27.0,0.0008,1.286,2.46%,-2.46%,0.83%,-0.83%,0.87%,-0.87%,0.77%,-0.77%,-0.48%,0.48%,-0.28%,0.28%,0.02%,-0.02%,-0.02%,0.02%,0.02%,-0.02%,0.04%,-0.04%,300.0,1.2921910612310616
67,35.0,0.000574,1.507,1.36%,-1.36%,2.01%,-2.01%,0.99%,-0.99%,0.59%,-0.59%,-0.47%,0.47%,-0.35%,0.35%,-0.03%,0.03%,-0.03%,0.03%,-0.19%,0.19%,-0.14%,0.14%,300.0,1.4178160008545984
68,35.0,0.0008,1.399,0.95%,-0.95%,0.81%,-0.81%,0.91%,-0.91%,0.95%,-0.95%,-0.6%,0.6%,-0.25%,0.25%,-0.01%,0.01%,-0.01%,0.01%,-0.15%,0.15%,-0.17%,0.17%,300.0,1.363119231390204
69,45.0,0.0008,1.486,1.81%,-1.81%,1.45%,-1.45%,1.44%,-1.44%,0.8%,-0.8%,-1.2%,1.2%,-0.53%,0.53%,-0.06%,0.06%,-0.07%,0.07%,0.08%,-0.08%,-0.09%,0.09%,300.0,1.4134995262234251
70,45.0,0.0013,1.306,0.95%,-0.95%,0.62%,-0.62%,0.86%,-0.86%,0.73%,-0.73%,-0.03%,0.03%,0.05%,-0.05%,0.0%,-0.0%,-0.02%,0.02%,-0.07%,0.07%,-0.21%,0.21%,300.0,1.2975910263472392
0,1.5,2.79e-05,0.702,9.08%,-9.08%,4.93%,-4.93%,3.52%,-3.52%,2.22%,-2.22%,-0.37%,0.37%,-0.41%,0.41%,-0.12%,0.12%,-8.43%,8.43%,0.08%,-0.08%,0.8%,-0.8%,251.0,0.6639571520794045
1,2.0,3.72e-05,0.796,6.22%,-6.22%,4.33%,-4.33%,2.91%,-2.91%,1.91%,-1.91%,-0.31%,0.31%,-0.76%,0.76%,-0.1%,0.1%,-7.05%,7.05%,0.07%,-0.07%,0.66%,-0.66%,251.0,0.7421337628890438
2,2.0,4.15e-05,0.68,7.33%,-7.33%,3.97%,-3.97%,2.54%,-2.54%,0.57%,-0.57%,-0.19%,0.19%,-0.34%,0.34%,-0.08%,0.08%,-2.55%,2.55%,0.08%,-0.08%,0.49%,-0.49%,251.0,0.7578040668334061
3,2.5,4.65e-05,0.865,5.31%,-5.31%,4.12%,-4.12%,2.76%,-2.76%,2.11%,-2.11%,-0.31%,0.31%,-0.39%,0.39%,-0.08%,0.08%,-6.4%,6.4%,0.07%,-0.07%,0.7%,-0.7%,251.0,0.8031938612174032
4,2.5,5.19e-05,0.852,3.81%,-3.81%,3.1%,-3.1%,1.59%,-1.59%,1.44%,-1.44%,-0.23%,0.23%,-0.5%,0.5%,-0.05%,0.05%,-2.39%,2.39%,0.06%,-0.06%,0.5%,-0.5%,251.0,0.8198883776883011
5,2.5,5.8e-05,0.771,4.97%,-4.97%,3.14%,-3.14%,1.33%,-1.33%,0.8%,-0.8%,-0.13%,0.13%,-0.18%,0.18%,-0.02%,0.02%,-0.48%,0.48%,0.06%,-0.06%,0.4%,-0.4%,251.0,0.8298417397063532
6,3.5,6.51e-05,0.913,5.43%,-5.43%,4.04%,-4.04%,2.82%,-2.82%,2.13%,-2.13%,-0.34%,0.34%,-0.65%,0.65%,-0.1%,0.1%,-6.78%,6.78%,0.07%,-0.07%,0.71%,-0.71%,251.0,0.8941676825249819
7,3.5,7.27e-05,0.894,3.47%,-3.47%,2.92%,-2.92%,1.72%,-1.72%,1.46%,-1.46%,-0.25%,0.25%,-0.37%,0.37%,-0.06%,0.06%,-2.53%,2.53%,0.07%,-0.07%,0.57%,-0.57%,251.0,0.9119673655148364
8,3.5,8.12e-05,0.889,3.11%,-3.11%,2.49%,-2.49%,1.87%,-1.87%,1.15%,-1.15%,-0.24%,0.24%,-0.34%,0.34%,-0.07%,0.07%,-1.72%,1.72%,0.07%,-0.07%,0.56%,-0.56%,251.0,0.9220088855422366
9,3.5,9.21e-05,0.944,3.35%,-3.35%,2.66%,-2.66%,1.48%,-1.48%,0.58%,-0.58%,-0.14%,0.14%,-0.42%,0.42%,-0.04%,0.04%,-0.18%,0.18%,0.07%,-0.07%,0.37%,-0.37%,251.0,0.9256219734426242
10,3.5,0.000106,0.97,5.35%,-5.35%,3.27%,-3.27%,2.09%,-2.09%,0.56%,-0.56%,-0.2%,0.2%,-0.01%,0.01%,-0.06%,0.06%,-0.14%,0.14%,0.07%,-0.07%,0.5%,-0.5%,251.0,0.922177091138339
11,5.0,9.31e-05,0.887,6.33%,-6.33%,3.99%,-3.99%,3.01%,-3.01%,1.99%,-1.99%,-0.29%,0.29%,-0.59%,0.59%,-0.08%,0.08%,-7.35%,7.35%,0.07%,-0.07%,0.65%,-0.65%,251.0,0.9867798700089248
12,5.0,0.000104,0.896,3.49%,-3.49%,2.84%,-2.84%,1.51%,-1.51%,1.1%,-1.1%,-0.19%,0.19%,-0.42%,0.42%,-0.05%,0.05%,-1.93%,1.93%,0.06%,-0.06%,0.46%,-0.46%,251.0,1.004922297062268
13,5.0,0.000116,1.019,2.64%,-2.64%,2.37%,-2.37%,1.43%,-1.43%,1.06%,-1.06%,-0.2%,0.2%,-0.22%,0.22%,-0.04%,0.04%,-1.01%,1.01%,0.07%,-0.07%,0.48%,-0.48%,251.0,1.014388381517349
14,5.0,0.000132,0.965,2.54%,-2.54%,2.33%,-2.33%,1.44%,-1.44%,1.12%,-1.12%,-0.2%,0.2%,-0.23%,0.23%,-0.05%,0.05%,-0.77%,0.77%,0.07%,-0.07%,0.49%,-0.49%,251.0,1.0166712080278233
15,5.0,0.000152,1.02,2.42%,-2.42%,2.04%,-2.04%,1.45%,-1.45%,0.79%,-0.79%,-0.18%,0.18%,-0.21%,0.21%,-0.04%,0.04%,-0.19%,0.19%,0.07%,-0.07%,0.44%,-0.44%,251.0,1.0108668858674013
16,5.0,0.000201,0.949,2.57%,-2.57%,2.06%,-2.06%,1.59%,-1.59%,0.61%,-0.61%,-0.16%,0.16%,-0.2%,0.2%,-0.05%,0.05%,-0.1%,0.1%,0.07%,-0.07%,0.42%,-0.42%,251.0,0.9833600497302127
17,6.5,0.000121,0.937,7.04%,-7.04%,4.03%,-4.03%,3.42%,-3.42%,1.81%,-1.81%,-0.21%,0.21%,-0.42%,0.42%,-0.05%,0.05%,-7.69%,7.69%,0.06%,-0.06%,0.56%,-0.56%,251.0,1.050228425552502
18,6.5,0.000135,1.005,3.22%,-3.22%,2.79%,-2.79%,1.46%,-1.46%,1.57%,-1.57%,-0.22%,0.22%,-0.37%,0.37%,-0.05%,0.05%,-1.53%,1.53%,0.06%,-0.06%,0.52%,-0.52%,251.0,1.0680223532143232
19,6.5,0.000151,1.105,2.44%,-2.44%,2.28%,-2.28%,1.37%,-1.37%,1.38%,-1.38%,-0.2%,0.2%,-0.39%,0.39%,-0.05%,0.05%,-0.95%,0.95%,0.05%,-0.05%,0.48%,-0.48%,251.0,1.0770043951679809
20,6.5,0.000163,1.18,10.62%,-10.62%,12.01%,-12.01%,1.81%,-1.81%,0.95%,-0.95%,-0.15%,0.15%,-0.14%,0.14%,-0.02%,0.02%,0.71%,-0.71%,0.07%,-0.07%,0.5%,-0.5%,251.0,1.07860327150341
21,6.5,0.000171,1.057,2.29%,-2.29%,2.32%,-2.32%,1.45%,-1.45%,0.73%,-0.73%,-0.15%,0.15%,-0.24%,0.24%,-0.04%,0.04%,-0.29%,0.29%,0.07%,-0.07%,0.43%,-0.43%,251.0,1.077984230023776
22,6.5,0.000183,1.184,9.84%,-9.84%,13.94%,-13.94%,1.98%,-1.98%,1.28%,-1.28%,-0.18%,0.18%,-0.14%,0.14%,-0.02%,0.02%,0.81%,-0.81%,0.05%,-0.05%,0.3%,-0.3%,251.0,1.075304570505215
23,6.5,0.000197,1.112,2.04%,-2.04%,1.96%,-1.96%,1.33%,-1.33%,0.89%,-0.89%,-0.16%,0.16%,-0.23%,0.23%,-0.03%,0.03%,-0.12%,0.12%,0.06%,-0.06%,0.43%,-0.43%,251.0,1.0703689320645915
24,6.5,0.000228,1.138,9.66%,-9.66%,9.4%,-9.4%,1.79%,-1.79%,0.76%,-0.76%,-0.12%,0.12%,-0.11%,0.11%,-0.01%,0.01%,-0.83%,0.83%,0.07%,-0.07%,0.45%,-0.45%,251.0,1.0557824144177765
25,6.5,0.000262,1.01,1.37%,-1.37%,1.81%,-1.81%,1.38%,-1.38%,0.83%,-0.83%,-0.16%,0.16%,-0.09%,0.09%,-0.03%,0.03%,-0.05%,0.05%,0.07%,-0.07%,0.45%,-0.45%,251.0,1.0376810720325886
26,8.5,0.000158,1.031,6.9%,-6.9%,3.99%,-3.99%,3.87%,-3.87%,2.57%,-2.57%,-0.32%,0.32%,-0.34%,0.34%,-0.09%,0.09%,-9.71%,9.71%,0.06%,-0.06%,0.78%,-0.78%,251.0,1.1095579043230095
27,8.5,0.000177,1.058,3.18%,-3.18%,2.81%,-2.81%,1.46%,-1.46%,1.25%,-1.25%,-0.17%,0.17%,-0.39%,0.39%,-0.03%,0.03%,-0.77%,0.77%,0.06%,-0.06%,0.48%,-0.48%,251.0,1.1272774981037559
28,8.5,0.000197,1.112,2.46%,-2.46%,2.24%,-2.24%,1.36%,-1.36%,1.37%,-1.37%,-0.21%,0.21%,-0.32%,0.32%,-0.04%,0.04%,-0.76%,0.76%,0.06%,-0.06%,0.56%,-0.56%,251.0,1.1347267705104476
29,8.5,0.000224,1.154,2.11%,-2.11%,2.05%,-2.05%,1.26%,-1.26%,1.26%,-1.26%,-0.16%,0.16%,-0.22%,0.22%,-0.03%,0.03%,0.0%,-0.0%,0.05%,-0.05%,0.46%,-0.46%,251.0,1.134045782463345
30,8.5,0.00024,1.146,5.87%,-5.87%,6.26%,-6.26%,1.44%,-1.44%,1.31%,-1.31%,-0.17%,0.17%,-0.13%,0.13%,-0.03%,0.03%,0.43%,-0.43%,0.06%,-0.06%,0.63%,-0.63%,251.0,1.130228135561326
31,8.5,0.000258,1.041,2.02%,-2.02%,1.93%,-1.93%,1.53%,-1.53%,1.07%,-1.07%,-0.19%,0.19%,-0.19%,0.19%,-0.03%,0.03%,-0.3%,0.3%,0.06%,-0.06%,0.47%,-0.47%,251.0,1.12413950342447
32,8.5,0.000299,1.217,6.86%,-6.86%,6.25%,-6.25%,1.68%,-1.68%,1.13%,-1.13%,-0.15%,0.15%,-0.1%,0.1%,-0.02%,0.02%,0.9%,-0.9%,0.05%,-0.05%,0.39%,-0.39%,251.0,1.106749022573751
33,8.5,0.000342,1.091,1.19%,-1.19%,1.76%,-1.76%,1.31%,-1.31%,0.79%,-0.79%,-0.15%,0.15%,-0.08%,0.08%,-0.03%,0.03%,0.15%,-0.15%,0.06%,-0.06%,0.41%,-0.41%,251.0,1.0867753791425925
34,8.5,0.000433,1.092,6.83%,-6.83%,7.45%,-7.45%,1.78%,-1.78%,0.79%,-0.79%,-0.12%,0.12%,-0.08%,0.08%,-0.01%,0.01%,-0.14%,0.14%,0.06%,-0.06%,0.38%,-0.38%,251.0,1.0462119514206987
35,8.5,0.000541,1.022,1.3%,-1.3%,1.8%,-1.8%,1.27%,-1.27%,0.8%,-0.8%,-0.12%,0.12%,0.05%,-0.05%,-0.01%,0.01%,0.37%,-0.37%,0.07%,-0.07%,0.39%,-0.39%,251.0,1.0048642278215671
36,8.5,0.000838,0.946,1.47%,-1.47%,1.85%,-1.85%,1.42%,-1.42%,0.73%,-0.73%,-0.14%,0.14%,0.06%,-0.06%,-0.03%,0.03%,0.18%,-0.18%,0.07%,-0.07%,0.44%,-0.44%,251.0,0.9219730556576551
37,8.5,0.00103,0.678,12.9%,-12.9%,13.65%,-13.65%,1.77%,-1.77%,0.48%,-0.48%,-0.1%,0.1%,-0.1%,0.1%,-0.01%,0.01%,-0.47%,0.47%,0.07%,-0.07%,0.32%,-0.32%,251.0,0.8836220292770914
38,8.5,0.0014,0.823,2.57%,-2.57%,2.07%,-2.07%,1.41%,-1.41%,0.85%,-0.85%,-0.16%,0.16%,0.07%,-0.07%,-0.03%,0.03%,0.06%,-0.06%,0.07%,-0.07%,0.46%,-0.46%,251.0,0.8283270473503911
39,12.0,0.000223,1.293,5.39%,-5.39%,4.0%,-4.0%,2.8%,-2.8%,2.1%,-2.1%,-0.3%,0.3%,-0.61%,0.61%,-0.09%,0.09%,-6.55%,6.55%,0.07%,-0.07%,0.69%,-0.69%,251.0,1.17638538737975
40,12.0,0.000249,1.148,2.95%,-2.95%,2.72%,-2.72%,1.44%,-1.44%,1.8%,-1.8%,-0.22%,0.22%,-0.31%,0.31%,-0.05%,0.05%,-1.38%,1.38%,0.06%,-0.06%,0.62%,-0.62%,251.0,1.192220560442418
41,12.0,0.000278,1.199,2.35%,-2.35%,2.17%,-2.17%,1.31%,-1.31%,1.35%,-1.35%,-0.17%,0.17%,-0.3%,0.3%,-0.03%,0.03%,-0.26%,0.26%,0.05%,-0.05%,0.49%,-0.49%,251.0,1.1981014088371447
42,12.0,0.000295,1.176,3.77%,-3.77%,3.74%,-3.74%,1.43%,-1.43%,1.78%,-1.78%,-0.23%,0.23%,-0.2%,0.2%,-0.04%,0.04%,0.6%,-0.6%,0.06%,-0.06%,0.75%,-0.75%,251.0,1.1977752737200844
43,12.0,0.000316,1.193,2.54%,-2.54%,2.37%,-2.37%,1.37%,-1.37%,1.15%,-1.15%,-0.16%,0.16%,-0.27%,0.27%,-0.02%,0.02%,-0.41%,0.41%,0.06%,-0.06%,0.42%,-0.42%,251.0,1.1947994513192852
44,12.0,0.000343,1.228,3.43%,-3.43%,3.12%,-3.12%,1.36%,-1.36%,1.44%,-1.44%,-0.2%,0.2%,-0.14%,0.14%,-0.02%,0.02%,0.78%,-0.78%,0.05%,-0.05%,0.68%,-0.68%,251.0,1.1882109516360257
45,12.0,0.000364,1.176,2.12%,-2.12%,1.96%,-1.96%,1.35%,-1.35%,0.9%,-0.9%,-0.14%,0.14%,-0.26%,0.26%,-0.02%,0.02%,0.1%,-0.1%,0.06%,-0.06%,0.39%,-0.39%,251.0,1.1817245691139922
46,12.0,0.000423,1.226,4.09%,-4.09%,3.32%,-3.32%,1.37%,-1.37%,1.39%,-1.39%,-0.17%,0.17%,-0.1%,0.1%,-0.02%,0.02%,0.52%,-0.52%,0.06%,-0.06%,0.62%,-0.62%,251.0,1.160332837423715
47,12.0,0.000483,1.124,1.18%,-1.18%,1.71%,-1.71%,1.26%,-1.26%,0.92%,-0.92%,-0.14%,0.14%,-0.04%,0.04%,-0.02%,0.02%,0.12%,-0.12%,0.06%,-0.06%,0.42%,-0.42%,251.0,1.1373470181460394
48,12.0,0.000592,1.145,5.23%,-5.23%,4.72%,-4.72%,1.64%,-1.64%,0.89%,-0.89%,-0.13%,0.13%,-0.08%,0.08%,-0.01%,0.01%,0.33%,-0.33%,0.06%,-0.06%,0.39%,-0.39%,251.0,1.0976977568866697
49,12.0,0.000764,1.054,1.23%,-1.23%,1.82%,-1.82%,1.28%,-1.28%,0.8%,-0.8%,-0.12%,0.12%,0.06%,-0.06%,-0.02%,0.02%,0.34%,-0.34%,0.06%,-0.06%,0.4%,-0.4%,251.0,1.0444697712686424
50,12.0,0.00091,0.965,5.51%,-5.51%,6.78%,-6.78%,1.8%,-1.8%,0.86%,-0.86%,-0.13%,0.13%,-0.08%,0.08%,0.0%,-0.0%,0.46%,-0.46%,0.06%,-0.06%,0.33%,-0.33%,251.0,1.0073211599654295
51,12.0,0.00118,1.02,1.29%,-1.29%,1.83%,-1.83%,1.3%,-1.3%,0.85%,-0.85%,-0.13%,0.13%,0.06%,-0.06%,-0.01%,0.01%,0.25%,-0.25%,0.07%,-0.07%,0.42%,-0.42%,251.0,0.9525780421252708
52,12.0,0.00146,0.828,5.42%,-5.42%,7.17%,-7.17%,1.83%,-1.83%,0.7%,-0.7%,-0.12%,0.12%,-0.11%,0.11%,-0.01%,0.01%,-1.04%,1.04%,0.07%,-0.07%,0.53%,-0.53%,251.0,0.9086972841612456
53,12.0,0.00197,0.88,2.24%,-2.24%,2.0%,-2.0%,1.49%,-1.49%,1.04%,-1.04%,-0.18%,0.18%,0.07%,-0.07%,-0.04%,0.04%,-0.22%,0.22%,0.07%,-0.07%,0.5%,-0.5%,251.0,0.8490292320842567
54,15.0,0.000279,1.147,6.2%,-6.2%,4.04%,-4.04%,2.44%,-2.44%,1.78%,-1.78%,-0.24%,0.24%,-0.46%,0.46%,-0.06%,0.06%,-5.39%,5.39%,0.07%,-0.07%,0.6%,-0.6%,251.0,1.2130692909692786
55,15.0,0.000312,1.284,2.62%,-2.62%,2.56%,-2.56%,1.37%,-1.37%,1.08%,-1.08%,-0.19%,0.19%,-0.41%,0.41%,-0.05%,0.05%,-0.89%,0.89%,0.07%,-0.07%,0.55%,-0.55%,251.0,1.2275193150453199
56,15.0,0.000348,1.187,2.4%,-2.4%,2.11%,-2.11%,1.25%,-1.25%,0.86%,-0.86%,-0.16%,0.16%,-0.22%,0.22%,-0.03%,0.03%,-0.06%,0.06%,0.06%,-0.06%,0.46%,-0.46%,251.0,1.2316615464768519
57,15.0,0.000394,1.174,2.19%,-2.19%,2.01%,-2.01%,1.27%,-1.27%,1.24%,-1.24%,-0.17%,0.17%,-0.29%,0.29%,-0.03%,0.03%,-0.11%,0.11%,0.06%,-0.06%,0.53%,-0.53%,251.0,1.2265869888764918
58,15.0,0.000422,1.242,2.61%,-2.61%,2.13%,-2.13%,1.32%,-1.32%,1.33%,-1.33%,-0.18%,0.18%,-0.14%,0.14%,-0.02%,0.02%,0.64%,-0.64%,0.06%,-0.06%,0.59%,-0.59%,251.0,1.2202263602620715
59,15.0,0.000455,1.259,2.33%,-2.33%,2.01%,-2.01%,1.32%,-1.32%,0.98%,-0.98%,-0.15%,0.15%,-0.24%,0.24%,-0.02%,0.02%,-0.06%,0.06%,0.06%,-0.06%,0.41%,-0.41%,251.0,1.2110046524514584
60,15.0,0.000529,1.204,2.72%,-2.72%,1.94%,-1.94%,1.32%,-1.32%,1.25%,-1.25%,-0.17%,0.17%,-0.12%,0.12%,-0.02%,0.02%,0.26%,-0.26%,0.06%,-0.06%,0.66%,-0.66%,251.0,1.1871731803032832
61,15.0,0.000604,1.168,1.22%,-1.22%,1.46%,-1.46%,1.26%,-1.26%,1.13%,-1.13%,-0.16%,0.16%,-0.07%,0.07%,-0.02%,0.02%,0.07%,-0.07%,0.05%,-0.05%,0.48%,-0.48%,251.0,1.1620407647249644
62,15.0,0.000763,1.145,3.3%,-3.3%,2.6%,-2.6%,1.36%,-1.36%,1.27%,-1.27%,-0.15%,0.15%,-0.08%,0.08%,-0.02%,0.02%,0.35%,-0.35%,0.05%,-0.05%,0.61%,-0.61%,251.0,1.1125699230224697
63,15.0,0.000955,1.042,1.28%,-1.28%,1.82%,-1.82%,1.28%,-1.28%,0.73%,-0.73%,-0.12%,0.12%,0.05%,-0.05%,-0.01%,0.01%,0.52%,-0.52%,0.06%,-0.06%,0.37%,-0.37%,251.0,1.0622552517991941
64,15.0,0.00114,1.093,3.78%,-3.78%,3.31%,-3.31%,1.44%,-1.44%,1.05%,-1.05%,-0.15%,0.15%,-0.09%,0.09%,-0.02%,0.02%,0.12%,-0.12%,0.06%,-0.06%,0.59%,-0.59%,251.0,1.0221670782213068
65,15.0,0.00148,0.976,1.32%,-1.32%,1.83%,-1.83%,1.36%,-1.36%,1.07%,-1.07%,-0.14%,0.14%,0.07%,-0.07%,-0.01%,0.01%,0.07%,-0.07%,0.06%,-0.06%,0.44%,-0.44%,251.0,0.9637190332000317
66,15.0,0.00182,0.847,4.43%,-4.43%,3.95%,-3.95%,1.54%,-1.54%,0.87%,-0.87%,-0.14%,0.14%,-0.1%,0.1%,-0.01%,0.01%,-0.64%,0.64%,0.07%,-0.07%,0.62%,-0.62%,251.0,0.9185432231012168
67,15.0,0.00247,0.861,2.16%,-2.16%,1.98%,-1.98%,1.48%,-1.48%,1.25%,-1.25%,-0.17%,0.17%,0.08%,-0.08%,-0.02%,0.02%,-0.15%,0.15%,0.06%,-0.06%,0.48%,-0.48%,251.0,0.8542158927044139
68,20.0,0.000372,1.332,6.47%,-6.47%,4.25%,-4.25%,2.21%,-2.21%,1.82%,-1.82%,-0.29%,0.29%,-0.38%,0.38%,-0.08%,0.08%,-4.26%,4.26%,0.08%,-0.08%,0.66%,-0.66%,251.0,1.2514260583485712
69,20.0,0.000415,1.261,3.63%,-3.63%,2.93%,-2.93%,1.39%,-1.39%,1.06%,-1.06%,-0.18%,0.18%,-0.37%,0.37%,-0.04%,0.04%,-1.21%,1.21%,0.06%,-0.06%,0.45%,-0.45%,251.0,1.263398219486213
70,20.0,0.000464,1.294,3.04%,-3.04%,2.46%,-2.46%,1.31%,-1.31%,0.79%,-0.79%,-0.12%,0.12%,-0.24%,0.24%,-0.02%,0.02%,-0.09%,0.09%,0.06%,-0.06%,0.36%,-0.36%,251.0,1.265347741511906
71,20.0,0.000526,1.142,3.16%,-3.16%,2.46%,-2.46%,1.33%,-1.33%,1.09%,-1.09%,-0.17%,0.17%,-0.35%,0.35%,-0.03%,0.03%,-0.6%,0.6%,0.06%,-0.06%,0.42%,-0.42%,251.0,1.2575073106344867
72,20.0,0.000607,1.226,2.57%,-2.57%,2.06%,-2.06%,1.53%,-1.53%,1.17%,-1.17%,-0.16%,0.16%,-0.25%,0.25%,-0.01%,0.01%,-0.07%,0.07%,0.05%,-0.05%,0.41%,-0.41%,251.0,1.238868900997067
73,20.0,0.000805,1.211,1.41%,-1.41%,1.84%,-1.84%,1.31%,-1.31%,0.91%,-0.91%,-0.12%,0.12%,-0.1%,0.1%,-0.01%,0.01%,0.25%,-0.25%,0.06%,-0.06%,0.38%,-0.38%,251.0,1.184197277356458
74,20.0,0.00127,1.091,1.39%,-1.39%,1.84%,-1.84%,1.33%,-1.33%,0.93%,-0.93%,-0.11%,0.11%,0.05%,-0.05%,0.0%,-0.0%,0.38%,-0.38%,0.06%,-0.06%,0.39%,-0.39%,251.0,1.0763013286813983
75,20.0,0.00197,0.982,1.44%,-1.44%,1.85%,-1.85%,1.35%,-1.35%,1.04%,-1.04%,-0.14%,0.14%,0.06%,-0.06%,-0.01%,0.01%,0.15%,-0.15%,0.06%,-0.06%,0.43%,-0.43%,251.0,0.9703052880684546
76,20.0,0.00329,0.858,2.38%,-2.38%,2.03%,-2.03%,1.4%,-1.4%,1.09%,-1.09%,-0.16%,0.16%,0.07%,-0.07%,-0.02%,0.02%,-0.1%,0.1%,0.06%,-0.06%,0.47%,-0.47%,251.0,0.8534631515270082
77,25.0,0.000493,1.3,2.79%,-2.79%,2.55%,-2.55%,1.3%,-1.3%,1.03%,-1.03%,-0.17%,0.17%,-0.36%,0.36%,-0.04%,0.04%,-0.66%,0.66%,0.06%,-0.06%,0.4%,-0.4%,251.0,1.2805261956531329
78,25.0,0.00057,1.33,3.15%,-3.15%,2.69%,-2.69%,1.38%,-1.38%,0.74%,-0.74%,-0.15%,0.15%,-0.21%,0.21%,-0.04%,0.04%,-0.25%,0.25%,0.07%,-0.07%,0.48%,-0.48%,251.0,1.284402144190773
79,25.0,0.000616,1.259,1.77%,-1.77%,1.83%,-1.83%,1.21%,-1.21%,0.83%,-0.83%,-0.15%,0.15%,-0.29%,0.29%,-0.03%,0.03%,-0.07%,0.07%,0.06%,-0.06%,0.42%,-0.42%,251.0,1.2800572446160972
80,25.0,0.0007,1.325,2.27%,-2.27%,1.88%,-1.88%,1.25%,-1.25%,0.9%,-0.9%,-0.14%,0.14%,-0.12%,0.12%,-0.02%,0.02%,0.18%,-0.18%,0.07%,-0.07%,0.45%,-0.45%,251.0,1.2654804668310236
81,25.0,0.000759,1.227,2.6%,-2.6%,2.06%,-2.06%,1.34%,-1.34%,0.99%,-0.99%,-0.17%,0.17%,-0.24%,0.24%,-0.02%,0.02%,-0.16%,0.16%,0.07%,-0.07%,0.45%,-0.45%,251.0,1.2525174081730734
82,25.0,0.00088,1.248,2.16%,-2.16%,1.62%,-1.62%,1.28%,-1.28%,1.03%,-1.03%,-0.14%,0.14%,-0.1%,0.1%,-0.02%,0.02%,0.28%,-0.28%,0.06%,-0.06%,0.48%,-0.48%,251.0,1.2235856659894153
83,25.0,0.00101,1.231,1.25%,-1.25%,1.23%,-1.23%,1.21%,-1.21%,0.99%,-0.99%,-0.14%,0.14%,-0.07%,0.07%,-0.01%,0.01%,0.43%,-0.43%,0.06%,-0.06%,0.45%,-0.45%,251.0,1.1925014430222938
84,25.0,0.00127,1.12,2.0%,-2.0%,1.7%,-1.7%,1.32%,-1.32%,1.09%,-1.09%,-0.14%,0.14%,-0.08%,0.08%,-0.01%,0.01%,-0.03%,0.03%,0.06%,-0.06%,0.56%,-0.56%,251.0,1.136224441871448
85,25.0,0.00159,1.128,1.55%,-1.55%,1.87%,-1.87%,1.28%,-1.28%,0.75%,-0.75%,-0.11%,0.11%,0.05%,-0.05%,-0.01%,0.01%,0.5%,-0.5%,0.05%,-0.05%,0.37%,-0.37%,251.0,1.0787902992347742
86,25.0,0.00184,1.042,2.05%,-2.05%,2.2%,-2.2%,1.33%,-1.33%,1.17%,-1.17%,-0.14%,0.14%,-0.08%,0.08%,-0.01%,0.01%,0.04%,-0.04%,0.06%,-0.06%,0.58%,-0.58%,251.0,1.0414101723376077
87,25.0,0.00247,1.02,1.58%,-1.58%,1.88%,-1.88%,1.48%,-1.48%,1.25%,-1.25%,-0.16%,0.16%,0.08%,-0.08%,-0.01%,0.01%,-0.1%,0.1%,0.06%,-0.06%,0.46%,-0.46%,251.0,0.967325578904356
88,25.0,0.003,0.92,2.16%,-2.16%,2.25%,-2.25%,1.36%,-1.36%,1.07%,-1.07%,-0.15%,0.15%,-0.09%,0.09%,-0.01%,0.01%,-0.62%,0.62%,0.06%,-0.06%,0.7%,-0.7%,251.0,0.9199589499305646
89,25.0,0.00411,0.892,2.64%,-2.64%,2.11%,-2.11%,1.38%,-1.38%,0.91%,-0.91%,-0.1%,0.1%,0.05%,-0.05%,0.0%,-0.0%,0.49%,-0.49%,0.06%,-0.06%,0.36%,-0.36%,251.0,0.8464217828795118
90,35.0,0.000651,1.322,7.0%,-7.0%,3.79%,-3.79%,3.8%,-3.8%,0.01%,-0.01%,-0.05%,0.05%,-0.14%,0.14%,-0.02%,0.02%,-2.86%,2.86%,0.18%,-0.18%,-0.11%,0.11%,251.0,1.2951306918106564
91,35.0,0.000727,1.302,3.89%,-3.89%,3.42%,-3.42%,1.64%,-1.64%,-0.1%,0.1%,-0.09%,0.09%,-0.39%,0.39%,-0.04%,0.04%,-0.25%,0.25%,0.07%,-0.07%,0.35%,-0.35%,251.0,1.3016801986068272
92,35.0,0.000812,1.327,2.57%,-2.57%,2.07%,-2.07%,1.21%,-1.21%,0.77%,-0.77%,-0.16%,0.16%,-0.29%,0.29%,-0.03%,0.03%,-0.29%,0.29%,0.07%,-0.07%,0.31%,-0.31%,251.0,1.298267960807195
93,35.0,0.000921,1.329,2.29%,-2.29%,1.99%,-1.99%,1.19%,-1.19%,0.72%,-0.72%,-0.14%,0.14%,-0.27%,0.27%,-0.02%,0.02%,0.25%,-0.25%,0.06%,-0.06%,0.29%,-0.29%,251.0,1.2845187418883641
94,35.0,0.001,1.217,2.64%,-2.64%,2.2%,-2.2%,1.23%,-1.23%,0.6%,-0.6%,-0.12%,0.12%,-0.14%,0.14%,-0.02%,0.02%,-0.12%,0.12%,0.07%,-0.07%,0.35%,-0.35%,251.0,1.2712361886935497
95,35.0,0.00106,1.319,2.72%,-2.72%,2.11%,-2.11%,1.32%,-1.32%,1.05%,-1.05%,-0.16%,0.16%,-0.18%,0.18%,-0.02%,0.02%,-0.14%,0.14%,0.06%,-0.06%,0.42%,-0.42%,251.0,1.2602251720925404
96,35.0,0.00123,1.247,2.33%,-2.33%,1.7%,-1.7%,1.24%,-1.24%,0.7%,-0.7%,-0.12%,0.12%,-0.1%,0.1%,-0.01%,0.01%,0.4%,-0.4%,0.06%,-0.06%,0.31%,-0.31%,251.0,1.22768598116413
97,35.0,0.00141,1.241,1.25%,-1.25%,1.3%,-1.3%,1.18%,-1.18%,0.8%,-0.8%,-0.13%,0.13%,-0.08%,0.08%,-0.02%,0.02%,0.19%,-0.19%,0.06%,-0.06%,0.39%,-0.39%,251.0,1.1939005221959689
98,35.0,0.0018,1.12,1.83%,-1.83%,1.34%,-1.34%,1.27%,-1.27%,0.88%,-0.88%,-0.13%,0.13%,-0.08%,0.08%,0.0%,-0.0%,0.13%,-0.13%,0.06%,-0.06%,0.45%,-0.45%,251.0,1.128942971642886
99,35.0,0.00223,1.111,1.68%,-1.68%,1.89%,-1.89%,1.29%,-1.29%,0.88%,-0.88%,-0.12%,0.12%,0.05%,-0.05%,-0.01%,0.01%,0.33%,-0.33%,0.05%,-0.05%,0.4%,-0.4%,251.0,1.0703131645180077
100,35.0,0.0027,0.982,1.71%,-1.71%,1.8%,-1.8%,1.29%,-1.29%,0.93%,-0.93%,-0.13%,0.13%,-0.07%,0.07%,-0.01%,0.01%,-0.32%,0.32%,0.06%,-0.06%,0.5%,-0.5%,251.0,1.0183383894254108
101,35.0,0.00345,0.964,1.83%,-1.83%,1.91%,-1.91%,1.3%,-1.3%,0.8%,-0.8%,-0.1%,0.1%,0.05%,-0.05%,0.0%,-0.0%,0.53%,-0.53%,0.06%,-0.06%,0.36%,-0.36%,251.0,0.9531841722289983
102,35.0,0.0043,0.862,1.64%,-1.64%,1.39%,-1.39%,1.32%,-1.32%,0.96%,-0.96%,-0.13%,0.13%,-0.08%,0.08%,-0.01%,0.01%,-0.67%,0.67%,0.06%,-0.06%,0.62%,-0.62%,251.0,0.8967263875160913
103,35.0,0.00575,0.861,2.99%,-2.99%,2.2%,-2.2%,1.65%,-1.65%,1.39%,-1.39%,-0.2%,0.2%,0.09%,-0.09%,-0.03%,0.03%,-0.54%,0.54%,0.06%,-0.06%,0.54%,-0.54%,251.0,0.825580413383109
104,45.0,0.000838,1.432,5.99%,-5.99%,3.37%,-3.37%,3.16%,-3.16%,-0.04%,0.04%,-0.04%,0.04%,-0.12%,0.12%,-0.01%,0.01%,-1.89%,1.89%,0.1%,-0.1%,-0.08%,0.08%,251.0,1.3010412066863948
105,45.0,0.000934,1.32,4.31%,-4.31%,3.22%,-3.22%,1.69%,-1.69%,0.2%,-0.2%,-0.08%,0.08%,-0.17%,0.17%,-0.02%,0.02%,-0.48%,0.48%,0.07%,-0.07%,-0.08%,0.08%,251.0,1.3046118689934199
106,45.0,0.00104,1.349,3.41%,-3.41%,2.34%,-2.34%,1.16%,-1.16%,0.27%,-0.27%,-0.09%,0.09%,-0.19%,0.19%,-0.01%,0.01%,0.27%,-0.27%,0.07%,-0.07%,0.09%,-0.09%,251.0,1.2989054910399516
107,45.0,0.00118,1.298,2.65%,-2.65%,1.95%,-1.95%,1.16%,-1.16%,0.58%,-0.58%,-0.12%,0.12%,-0.29%,0.29%,-0.02%,0.02%,0.21%,-0.21%,0.06%,-0.06%,0.22%,-0.22%,251.0,1.28277485151462
108,45.0,0.00127,1.286,2.87%,-2.87%,2.18%,-2.18%,1.2%,-1.2%,0.28%,-0.28%,-0.09%,0.09%,-0.12%,0.12%,-0.01%,0.01%,0.32%,-0.32%,0.07%,-0.07%,0.09%,-0.09%,251.0,1.2697010234858237
109,45.0,0.00137,1.292,3.08%,-3.08%,2.2%,-2.2%,1.32%,-1.32%,0.67%,-0.67%,-0.12%,0.12%,-0.26%,0.26%,-0.02%,0.02%,0.28%,-0.28%,0.06%,-0.06%,0.36%,-0.36%,251.0,1.254067153827967
110,45.0,0.00159,1.192,2.62%,-2.62%,2.44%,-2.44%,1.2%,-1.2%,0.41%,-0.41%,-0.09%,0.09%,-0.1%,0.1%,-0.01%,0.01%,0.2%,-0.2%,0.06%,-0.06%,0.16%,-0.16%,251.0,1.2187553559312836
111,45.0,0.00181,1.178,1.39%,-1.39%,1.26%,-1.26%,1.16%,-1.16%,0.66%,-0.66%,-0.11%,0.11%,-0.08%,0.08%,-0.01%,0.01%,0.36%,-0.36%,0.06%,-0.06%,0.28%,-0.28%,251.0,1.1847317611596582
112,45.0,0.00229,1.114,1.91%,-1.91%,1.47%,-1.47%,1.23%,-1.23%,0.58%,-0.58%,-0.1%,0.1%,-0.08%,0.08%,0.0%,-0.0%,-0.12%,0.12%,0.07%,-0.07%,0.31%,-0.31%,251.0,1.119054208307906
113,45.0,0.00286,1.103,1.71%,-1.71%,1.9%,-1.9%,1.29%,-1.29%,0.74%,-0.74%,-0.1%,0.1%,0.05%,-0.05%,0.0%,-0.0%,0.55%,-0.55%,0.06%,-0.06%,0.36%,-0.36%,251.0,1.0557289399443195
114,45.0,0.0033,1.006,1.68%,-1.68%,1.74%,-1.74%,1.24%,-1.24%,0.67%,-0.67%,-0.11%,0.11%,-0.07%,0.07%,0.0%,-0.0%,-0.34%,0.34%,0.07%,-0.07%,0.35%,-0.35%,251.0,1.0152231050867084
115,45.0,0.00444,0.94,1.87%,-1.87%,1.92%,-1.92%,1.32%,-1.32%,0.91%,-0.91%,-0.11%,0.11%,0.05%,-0.05%,0.0%,-0.0%,0.41%,-0.41%,0.06%,-0.06%,0.38%,-0.38%,251.0,0.9334719877044381
116,45.0,0.0055,0.89,1.5%,-1.5%,1.63%,-1.63%,1.27%,-1.27%,0.72%,-0.72%,-0.12%,0.12%,-0.09%,0.09%,-0.01%,0.01%,-0.74%,0.74%,0.07%,-0.07%,0.48%,-0.48%,251.0,0.8768781948541002
117,45.0,0.0074,0.828,3.14%,-3.14%,2.23%,-2.23%,1.63%,-1.63%,1.43%,-1.43%,-0.19%,0.19%,0.08%,-0.08%,-0.02%,0.02%,-0.38%,0.38%,0.06%,-0.06%,0.51%,-0.51%,251.0,0.8021865164382731
0,1.5,3.48e-05,0.542,7.92%,-7.92%,4.96%,-4.96%,3.65%,-3.65%,1.81%,-1.81%,-0.24%,0.24%,-0.58%,0.58%,-0.07%,0.07%,-8.62%,8.62%,0.06%,-0.06%,0.58%,-0.58%,225.0,0.6443740548379998
1,2.0,4.64e-05,0.733,4.48%,-4.48%,4.31%,-4.31%,2.83%,-2.83%,1.48%,-1.48%,-0.26%,0.26%,-0.66%,0.66%,-0.09%,0.09%,-6.25%,6.25%,0.07%,-0.07%,0.58%,-0.58%,225.0,0.7189653192767482
2,2.0,5.26e-05,0.737,4.53%,-4.53%,3.93%,-3.93%,1.9%,-1.9%,1.32%,-1.32%,-0.25%,0.25%,-0.4%,0.4%,-0.08%,0.08%,-2.96%,2.96%,0.07%,-0.07%,0.57%,-0.57%,225.0,0.7356039643287574
3,2.5,5.8e-05,0.815,4.08%,-4.08%,4.15%,-4.15%,2.93%,-2.93%,2.07%,-2.07%,-0.33%,0.33%,-0.82%,0.82%,-0.1%,0.1%,-7.28%,7.28%,0.07%,-0.07%,0.69%,-0.69%,225.0,0.776994597606999
4,2.5,6.58e-05,0.78,2.62%,-2.62%,3.03%,-3.03%,1.54%,-1.54%,1.27%,-1.27%,-0.2%,0.2%,-0.57%,0.57%,-0.05%,0.05%,-2.19%,2.19%,0.06%,-0.06%,0.47%,-0.47%,225.0,0.7946578289819399
5,2.5,7.59e-05,0.725,4.28%,-4.28%,3.45%,-3.45%,1.84%,-1.84%,0.89%,-0.89%,-0.21%,0.21%,-0.28%,0.28%,-0.07%,0.07%,-1.48%,1.48%,0.07%,-0.07%,0.51%,-0.51%,225.0,0.804525998684236
6,3.5,8.12e-05,0.819,4.14%,-4.14%,4.05%,-4.05%,2.65%,-2.65%,1.7%,-1.7%,-0.23%,0.23%,-0.47%,0.47%,-0.05%,0.05%,-5.9%,5.9%,0.06%,-0.06%,0.54%,-0.54%,225.0,0.8630649280727563
7,3.5,9.21e-05,0.838,2.19%,-2.19%,2.86%,-2.86%,1.69%,-1.69%,1.53%,-1.53%,-0.25%,0.25%,-0.38%,0.38%,-0.06%,0.06%,-2.47%,2.47%,0.07%,-0.07%,0.56%,-0.56%,225.0,0.881642481297213
8,3.5,0.000106,0.875,2.01%,-2.01%,2.47%,-2.47%,1.69%,-1.69%,1.24%,-1.24%,-0.24%,0.24%,-0.41%,0.41%,-0.07%,0.07%,-1.58%,1.58%,0.07%,-0.07%,0.55%,-0.55%,225.0,0.8912741126501991
9,3.5,0.000141,0.81,2.53%,-2.53%,2.45%,-2.45%,2.27%,-2.27%,0.62%,-0.62%,-0.22%,0.22%,-0.27%,0.27%,-0.07%,0.07%,-0.38%,0.38%,0.07%,-0.07%,0.52%,-0.52%,225.0,0.8852761183044423
10,5.0,0.000116,0.98,4.1%,-4.1%,4.01%,-4.01%,2.85%,-2.85%,2.15%,-2.15%,-0.3%,0.3%,-0.57%,0.57%,-0.08%,0.08%,-6.92%,6.92%,0.07%,-0.07%,0.67%,-0.67%,225.0,0.9498619371568745
11,5.0,0.000132,0.94,2.05%,-2.05%,2.8%,-2.8%,1.53%,-1.53%,1.41%,-1.41%,-0.22%,0.22%,-0.44%,0.44%,-0.05%,0.05%,-1.98%,1.98%,0.06%,-0.06%,0.5%,-0.5%,225.0,0.969006163553561
12,5.0,0.000143,1.048,10.24%,-10.24%,9.23%,-9.23%,1.66%,-1.66%,1.38%,-1.38%,-0.22%,0.22%,-0.18%,0.18%,-0.05%,0.05%,0.98%,-0.98%,0.05%,-0.05%,0.55%,-0.55%,225.0,0.9752455166348541
13,5.0,0.000152,0.984,1.65%,-1.65%,2.2%,-2.2%,1.41%,-1.41%,0.98%,-0.98%,-0.19%,0.19%,-0.3%,0.3%,-0.05%,0.05%,-0.78%,0.78%,0.07%,-0.07%,0.46%,-0.46%,225.0,0.9775117634024492
14,5.0,0.000201,0.92,1.16%,-1.16%,1.87%,-1.87%,1.58%,-1.58%,0.63%,-0.63%,-0.16%,0.16%,-0.22%,0.22%,-0.04%,0.04%,0.05%,-0.05%,0.06%,-0.06%,0.42%,-0.42%,225.0,0.9674047973436629
15,6.5,0.000151,1.07,4.19%,-4.19%,4.02%,-4.02%,2.88%,-2.88%,1.87%,-1.87%,-0.23%,0.23%,-0.52%,0.52%,-0.06%,0.06%,-6.52%,6.52%,0.06%,-0.06%,0.56%,-0.56%,225.0,1.0093093471356347
16,6.5,0.000171,1.012,1.96%,-1.96%,2.54%,-2.54%,1.46%,-1.46%,1.98%,-1.98%,-0.23%,0.23%,-0.49%,0.49%,-0.05%,0.05%,-1.43%,1.43%,0.06%,-0.06%,0.56%,-0.56%,225.0,1.0274777733165248
17,6.5,0.000183,1.043,6.82%,-6.82%,7.36%,-7.36%,2.23%,-2.23%,2.44%,-2.44%,-0.29%,0.29%,-0.34%,0.34%,-0.09%,0.09%,-0.63%,0.63%,0.08%,-0.08%,1.26%,-1.26%,225.0,1.0326854987860383
18,6.5,0.000197,1.026,1.57%,-1.57%,2.19%,-2.19%,1.3%,-1.3%,1.06%,-1.06%,-0.17%,0.17%,-0.28%,0.28%,-0.03%,0.03%,-0.45%,0.45%,0.06%,-0.06%,0.43%,-0.43%,225.0,1.0351150309692396
19,6.5,0.000228,1.067,6.81%,-6.81%,7.39%,-7.39%,1.62%,-1.62%,1.03%,-1.03%,-0.18%,0.18%,-0.15%,0.15%,-0.04%,0.04%,-0.33%,0.33%,0.07%,-0.07%,0.62%,-0.62%,225.0,1.031801286740079
20,6.5,0.000262,1.009,0.91%,-0.91%,1.76%,-1.76%,1.35%,-1.35%,0.91%,-0.91%,-0.17%,0.17%,-0.22%,0.22%,-0.03%,0.03%,-0.15%,0.15%,0.06%,-0.06%,0.44%,-0.44%,225.0,1.0211300420388256
21,6.5,0.00033,0.99,9.32%,-9.32%,6.57%,-6.57%,1.5%,-1.5%,0.8%,-0.8%,-0.12%,0.12%,-0.03%,0.03%,-0.01%,0.01%,0.04%,-0.04%,0.06%,-0.06%,0.23%,-0.23%,225.0,0.9933633075004838
22,6.5,0.000414,0.969,1.14%,-1.14%,1.85%,-1.85%,1.44%,-1.44%,0.74%,-0.74%,-0.15%,0.15%,0.06%,-0.06%,-0.03%,0.03%,0.13%,-0.13%,0.07%,-0.07%,0.44%,-0.44%,225.0,0.9594264489434368
23,8.5,0.000197,1.011,4.58%,-4.58%,4.01%,-4.01%,3.3%,-3.3%,2.08%,-2.08%,-0.27%,0.27%,-0.49%,0.49%,-0.07%,0.07%,-7.94%,7.94%,0.06%,-0.06%,0.63%,-0.63%,225.0,1.063973115447027
24,8.5,0.000224,1.064,1.92%,-1.92%,2.4%,-2.4%,1.47%,-1.47%,2.14%,-2.14%,-0.22%,0.22%,-0.26%,0.26%,-0.05%,0.05%,-0.96%,0.96%,0.06%,-0.06%,0.64%,-0.64%,225.0,1.081844458802051
25,8.5,0.00024,1.195,3.52%,-3.52%,3.88%,-3.88%,1.65%,-1.65%,2.39%,-2.39%,-0.28%,0.28%,-0.25%,0.25%,-0.07%,0.07%,0.47%,-0.47%,0.05%,-0.05%,0.91%,-0.91%,225.0,1.0863559738537898
26,8.5,0.000258,1.119,1.58%,-1.58%,1.9%,-1.9%,1.42%,-1.42%,1.54%,-1.54%,-0.21%,0.21%,-0.23%,0.23%,-0.04%,0.04%,-0.55%,0.55%,0.05%,-0.05%,0.56%,-0.56%,225.0,1.0877677169553017
27,8.5,0.000299,1.188,4.2%,-4.2%,3.72%,-3.72%,1.39%,-1.39%,1.1%,-1.1%,-0.18%,0.18%,-0.08%,0.08%,-0.03%,0.03%,0.55%,-0.55%,0.05%,-0.05%,0.53%,-0.53%,225.0,1.0821432499619508
28,8.5,0.000342,1.057,0.88%,-0.88%,1.7%,-1.7%,1.33%,-1.33%,0.97%,-0.97%,-0.17%,0.17%,-0.2%,0.2%,-0.04%,0.04%,-0.2%,0.2%,0.06%,-0.06%,0.44%,-0.44%,225.0,1.069615396814548
29,8.5,0.000433,1.151,4.88%,-4.88%,5.71%,-5.71%,1.51%,-1.51%,0.9%,-0.9%,-0.14%,0.14%,-0.06%,0.06%,-0.02%,0.02%,0.1%,-0.1%,0.06%,-0.06%,0.42%,-0.42%,225.0,1.0370710979129838
30,8.5,0.000541,1.02,0.92%,-0.92%,1.73%,-1.73%,1.27%,-1.27%,0.73%,-0.73%,-0.12%,0.12%,0.03%,-0.03%,-0.01%,0.01%,0.4%,-0.4%,0.06%,-0.06%,0.37%,-0.37%,225.0,0.9997653701943818
31,8.5,0.000838,0.943,1.01%,-1.01%,1.76%,-1.76%,1.31%,-1.31%,0.85%,-0.85%,-0.14%,0.14%,0.05%,-0.05%,-0.02%,0.02%,0.12%,-0.12%,0.06%,-0.06%,0.43%,-0.43%,225.0,0.9202941996849184
32,8.5,0.0014,0.864,1.2%,-1.2%,1.83%,-1.83%,1.47%,-1.47%,0.75%,-0.75%,-0.15%,0.15%,0.06%,-0.06%,-0.03%,0.03%,-0.01%,0.01%,0.07%,-0.07%,0.45%,-0.45%,225.0,0.8278471245029851
33,12.0,0.000278,1.162,3.84%,-3.84%,3.98%,-3.98%,2.47%,-2.47%,1.55%,-1.55%,-0.22%,0.22%,-0.42%,0.42%,-0.06%,0.06%,-5.29%,5.29%,0.06%,-0.06%,0.54%,-0.54%,225.0,1.1250087223734007
34,12.0,0.000316,1.178,1.8%,-1.8%,2.2%,-2.2%,1.48%,-1.48%,1.88%,-1.88%,-0.23%,0.23%,-0.39%,0.39%,-0.06%,0.06%,-1.04%,1.04%,0.07%,-0.07%,0.66%,-0.66%,225.0,1.1409512056241815
35,12.0,0.000343,1.166,2.7%,-2.7%,3.32%,-3.32%,1.54%,-1.54%,1.94%,-1.94%,-0.26%,0.26%,-0.23%,0.23%,-0.05%,0.05%,0.59%,-0.59%,0.05%,-0.05%,0.75%,-0.75%,225.0,1.1445022547379755
36,12.0,0.000364,1.127,1.52%,-1.52%,1.86%,-1.86%,1.3%,-1.3%,1.41%,-1.41%,-0.18%,0.18%,-0.23%,0.23%,-0.03%,0.03%,-0.04%,0.04%,0.05%,-0.05%,0.52%,-0.52%,225.0,1.1443013413903897
37,12.0,0.000423,1.235,2.44%,-2.44%,2.23%,-2.23%,1.36%,-1.36%,1.56%,-1.56%,-0.19%,0.19%,-0.1%,0.1%,-0.02%,0.02%,0.85%,-0.85%,0.06%,-0.06%,0.66%,-0.66%,225.0,1.13527822452781
38,12.0,0.000483,1.12,0.95%,-0.95%,1.52%,-1.52%,1.29%,-1.29%,1.1%,-1.1%,-0.15%,0.15%,-0.15%,0.15%,-0.02%,0.02%,0.14%,-0.14%,0.05%,-0.05%,0.45%,-0.45%,225.0,1.1198387088739727
39,12.0,0.000592,1.142,3.46%,-3.46%,2.55%,-2.55%,1.35%,-1.35%,1.16%,-1.16%,-0.16%,0.16%,-0.04%,0.04%,-0.01%,0.01%,0.16%,-0.16%,0.06%,-0.06%,0.55%,-0.55%,225.0,1.0875748026452854
40,12.0,0.000764,1.033,0.92%,-0.92%,1.61%,-1.61%,1.28%,-1.28%,0.95%,-0.95%,-0.14%,0.14%,0.04%,-0.04%,-0.01%,0.01%,0.14%,-0.14%,0.07%,-0.07%,0.44%,-0.44%,225.0,1.0393153013246998
41,12.0,0.00118,0.979,0.93%,-0.93%,1.69%,-1.69%,1.3%,-1.3%,0.83%,-0.83%,-0.14%,0.14%,0.05%,-0.05%,-0.02%,0.02%,0.13%,-0.13%,0.06%,-0.06%,0.42%,-0.42%,225.0,0.950885031040732
42,12.0,0.00197,0.88,1.04%,-1.04%,1.71%,-1.71%,1.39%,-1.39%,1.04%,-1.04%,-0.16%,0.16%,0.06%,-0.06%,-0.03%,0.03%,-0.27%,0.27%,0.06%,-0.06%,0.48%,-0.48%,225.0,0.8485506367908476
43,15.0,0.000348,1.243,3.86%,-3.86%,4.06%,-4.06%,2.02%,-2.02%,1.26%,-1.26%,-0.18%,0.18%,-0.36%,0.36%,-0.03%,0.03%,-3.58%,3.58%,0.06%,-0.06%,0.47%,-0.47%,225.0,1.158093526010127
44,15.0,0.000394,1.138,1.83%,-1.83%,2.09%,-2.09%,1.38%,-1.38%,1.32%,-1.32%,-0.19%,0.19%,-0.35%,0.35%,-0.05%,0.05%,-0.61%,0.61%,0.05%,-0.05%,0.47%,-0.47%,225.0,1.1719536893707074
45,15.0,0.000422,1.191,2.51%,-2.51%,2.3%,-2.3%,1.43%,-1.43%,1.41%,-1.41%,-0.21%,0.21%,-0.19%,0.19%,-0.04%,0.04%,0.4%,-0.4%,0.06%,-0.06%,0.61%,-0.61%,225.0,1.1743589141358277
46,15.0,0.000455,1.174,1.54%,-1.54%,1.62%,-1.62%,1.32%,-1.32%,1.37%,-1.37%,-0.2%,0.2%,-0.23%,0.23%,-0.03%,0.03%,-0.23%,0.23%,0.06%,-0.06%,0.52%,-0.52%,225.0,1.1733463128737405
47,15.0,0.000529,1.254,1.89%,-1.89%,1.35%,-1.35%,1.32%,-1.32%,1.32%,-1.32%,-0.18%,0.18%,-0.1%,0.1%,-0.02%,0.02%,0.64%,-0.64%,0.06%,-0.06%,0.59%,-0.59%,225.0,1.1620415642411883
48,15.0,0.000604,1.17,1.03%,-1.03%,1.18%,-1.18%,1.28%,-1.28%,1.15%,-1.15%,-0.17%,0.17%,-0.17%,0.17%,-0.03%,0.03%,0.14%,-0.14%,0.06%,-0.06%,0.51%,-0.51%,225.0,1.1445076955142472
49,15.0,0.000763,1.168,2.14%,-2.14%,1.52%,-1.52%,1.33%,-1.33%,1.29%,-1.29%,-0.17%,0.17%,-0.06%,0.06%,-0.02%,0.02%,0.45%,-0.45%,0.05%,-0.05%,0.62%,-0.62%,225.0,1.1032488969272432
50,15.0,0.000955,1.083,0.97%,-0.97%,1.38%,-1.38%,1.26%,-1.26%,1.08%,-1.08%,-0.14%,0.14%,0.02%,-0.02%,-0.01%,0.01%,0.3%,-0.3%,0.06%,-0.06%,0.46%,-0.46%,225.0,1.0571214466637726
51,15.0,0.00148,0.943,0.97%,-0.97%,1.52%,-1.52%,1.28%,-1.28%,0.99%,-0.99%,-0.14%,0.14%,0.04%,-0.04%,-0.01%,0.01%,0.12%,-0.12%,0.06%,-0.06%,0.45%,-0.45%,225.0,0.9620584226425024
52,20.0,0.000464,1.03,5.27%,-5.27%,4.21%,-4.21%,2.03%,-2.03%,1.64%,-1.64%,-0.24%,0.24%,-0.62%,0.62%,-0.06%,0.06%,-4.18%,4.18%,0.06%,-0.06%,0.54%,-0.54%,225.0,1.191742865170659
53,20.0,0.000526,1.214,2.26%,-2.26%,2.87%,-2.87%,1.39%,-1.39%,1.01%,-1.01%,-0.18%,0.18%,-0.36%,0.36%,-0.05%,0.05%,-1.1%,1.1%,0.06%,-0.06%,0.44%,-0.44%,225.0,1.2031343679650943
54,20.0,0.000607,1.18,1.97%,-1.97%,2.39%,-2.39%,1.31%,-1.31%,0.77%,-0.77%,-0.13%,0.13%,-0.31%,0.31%,-0.03%,0.03%,-0.17%,0.17%,0.06%,-0.06%,0.36%,-0.36%,225.0,1.2014193357102234
55,20.0,0.000805,1.171,1.06%,-1.06%,1.85%,-1.85%,1.35%,-1.35%,1.08%,-1.08%,-0.17%,0.17%,-0.13%,0.13%,-0.03%,0.03%,-0.13%,0.13%,0.05%,-0.05%,0.44%,-0.44%,225.0,1.1668056927958803
56,20.0,0.00127,1.089,1.0%,-1.0%,1.84%,-1.84%,1.3%,-1.3%,0.93%,-0.93%,-0.13%,0.13%,0.06%,-0.06%,-0.02%,0.02%,0.27%,-0.27%,0.06%,-0.06%,0.4%,-0.4%,225.0,1.071225031610394
57,20.0,0.00197,0.986,1.02%,-1.02%,1.85%,-1.85%,1.28%,-1.28%,0.84%,-0.84%,-0.12%,0.12%,0.05%,-0.05%,-0.01%,0.01%,0.38%,-0.38%,0.06%,-0.06%,0.39%,-0.39%,225.0,0.9686831137107645
58,20.0,0.00329,0.877,1.14%,-1.14%,1.87%,-1.87%,1.34%,-1.34%,1.03%,-1.03%,-0.14%,0.14%,0.06%,-0.06%,-0.01%,0.01%,0.15%,-0.15%,0.06%,-0.06%,0.43%,-0.43%,225.0,0.8530145939140173
59,25.0,0.000616,1.211,2.42%,-2.42%,2.94%,-2.94%,1.41%,-1.41%,1.0%,-1.0%,-0.14%,0.14%,-0.46%,0.46%,-0.02%,0.02%,-0.69%,0.69%,0.05%,-0.05%,0.37%,-0.37%,225.0,1.216781413875267
60,25.0,0.000657,1.21,2.81%,-2.81%,2.8%,-2.8%,1.61%,-1.61%,1.03%,-1.03%,-0.19%,0.19%,-0.27%,0.27%,-0.06%,0.06%,-0.42%,0.42%,0.07%,-0.07%,0.48%,-0.48%,225.0,1.2198282547496466
61,25.0,0.0007,1.251,2.42%,-2.42%,2.14%,-2.14%,1.34%,-1.34%,0.96%,-0.96%,-0.18%,0.18%,-0.17%,0.17%,-0.04%,0.04%,0.35%,-0.35%,0.06%,-0.06%,0.35%,-0.35%,225.0,1.2196909326116372
62,25.0,0.000759,1.223,1.5%,-1.5%,1.44%,-1.44%,1.26%,-1.26%,0.83%,-0.83%,-0.14%,0.14%,-0.19%,0.19%,-0.02%,0.02%,0.33%,-0.33%,0.06%,-0.06%,0.39%,-0.39%,225.0,1.2155639364282809
63,25.0,0.00088,1.237,1.68%,-1.68%,1.52%,-1.52%,1.27%,-1.27%,1.0%,-1.0%,-0.15%,0.15%,-0.09%,0.09%,-0.02%,0.02%,0.48%,-0.48%,0.06%,-0.06%,0.44%,-0.44%,225.0,1.1988604680892452
64,25.0,0.00101,1.188,1.0%,-1.0%,1.09%,-1.09%,1.26%,-1.26%,1.04%,-1.04%,-0.16%,0.16%,-0.14%,0.14%,-0.02%,0.02%,0.2%,-0.2%,0.06%,-0.06%,0.47%,-0.47%,225.0,1.1755722956955474
65,25.0,0.00127,1.146,1.52%,-1.52%,1.02%,-1.02%,1.3%,-1.3%,1.13%,-1.13%,-0.16%,0.16%,-0.06%,0.06%,-0.01%,0.01%,0.48%,-0.48%,0.06%,-0.06%,0.53%,-0.53%,225.0,1.1271838256291435
66,25.0,0.00159,1.078,0.97%,-0.97%,1.04%,-1.04%,1.26%,-1.26%,1.06%,-1.06%,-0.14%,0.14%,0.0%,-0.0%,-0.02%,0.02%,0.18%,-0.18%,0.06%,-0.06%,0.5%,-0.5%,225.0,1.0738555854606195
67,25.0,0.00247,0.989,0.94%,-0.94%,1.24%,-1.24%,1.28%,-1.28%,1.08%,-1.08%,-0.14%,0.14%,0.01%,-0.01%,-0.01%,0.01%,0.16%,-0.16%,0.06%,-0.06%,0.5%,-0.5%,225.0,0.965766784689793
68,25.0,0.00411,0.852,1.03%,-1.03%,1.28%,-1.28%,1.29%,-1.29%,1.07%,-1.07%,-0.14%,0.14%,0.01%,-0.01%,-0.01%,0.01%,-0.28%,0.28%,0.06%,-0.06%,0.55%,-0.55%,225.0,0.8459912767580168
69,35.0,0.000812,1.336,4.48%,-4.48%,3.79%,-3.79%,2.9%,-2.9%,0.52%,-0.52%,-0.1%,0.1%,-0.04%,0.04%,-0.01%,0.01%,-2.01%,2.01%,0.28%,-0.28%,0.25%,-0.25%,225.0,1.2272816287948924
70,35.0,0.000921,1.21,2.44%,-2.44%,2.07%,-2.07%,1.41%,-1.41%,0.98%,-0.98%,-0.18%,0.18%,-0.41%,0.41%,-0.06%,0.06%,-0.92%,0.92%,0.07%,-0.07%,0.38%,-0.38%,225.0,1.2323966186911828
71,35.0,0.001,1.363,2.63%,-2.63%,1.87%,-1.87%,1.27%,-1.27%,0.41%,-0.41%,-0.12%,0.12%,-0.14%,0.14%,-0.03%,0.03%,0.16%,-0.16%,0.07%,-0.07%,0.21%,-0.21%,225.0,1.2291937395617065
72,35.0,0.00106,1.237,1.7%,-1.7%,1.46%,-1.46%,1.24%,-1.24%,0.83%,-0.83%,-0.15%,0.15%,-0.17%,0.17%,-0.02%,0.02%,-0.09%,0.09%,0.06%,-0.06%,0.32%,-0.32%,225.0,1.2242617942990852
73,35.0,0.00123,1.222,1.93%,-1.93%,1.4%,-1.4%,1.23%,-1.23%,0.65%,-0.65%,-0.12%,0.12%,-0.08%,0.08%,-0.02%,0.02%,0.24%,-0.24%,0.06%,-0.06%,0.27%,-0.27%,225.0,1.203758391269588
74,35.0,0.00141,1.219,1.06%,-1.06%,1.05%,-1.05%,1.23%,-1.23%,0.88%,-0.88%,-0.14%,0.14%,-0.15%,0.15%,-0.02%,0.02%,0.23%,-0.23%,0.06%,-0.06%,0.36%,-0.36%,225.0,1.177512188502424
75,35.0,0.0018,1.143,1.53%,-1.53%,1.18%,-1.18%,1.25%,-1.25%,0.85%,-0.85%,-0.14%,0.14%,-0.06%,0.06%,-0.01%,0.01%,0.35%,-0.35%,0.06%,-0.06%,0.39%,-0.39%,225.0,1.1206002014731458
76,35.0,0.00223,1.066,0.99%,-0.99%,0.83%,-0.83%,1.24%,-1.24%,0.84%,-0.84%,-0.12%,0.12%,-0.02%,0.02%,0.0%,-0.0%,0.38%,-0.38%,0.07%,-0.07%,0.41%,-0.41%,225.0,1.0656544716951573
77,35.0,0.0031,0.984,1.27%,-1.27%,1.59%,-1.59%,1.28%,-1.28%,0.97%,-0.97%,-0.14%,0.14%,-0.04%,0.04%,-0.01%,0.01%,-0.17%,0.17%,0.06%,-0.06%,0.5%,-0.5%,225.0,0.9793943546504844
78,35.0,0.00345,0.977,1.27%,-1.27%,1.91%,-1.91%,1.36%,-1.36%,0.69%,-0.69%,-0.08%,0.08%,0.04%,-0.04%,0.01%,-0.01%,0.77%,-0.77%,0.06%,-0.06%,0.32%,-0.32%,225.0,0.9517159068722544
79,35.0,0.00575,0.833,0.94%,-0.94%,1.19%,-1.19%,1.31%,-1.31%,1.07%,-1.07%,-0.15%,0.15%,0.0%,-0.0%,-0.02%,0.02%,-0.46%,0.46%,0.06%,-0.06%,0.55%,-0.55%,225.0,0.8251836572209786
80,45.0,0.00104,1.169,4.71%,-4.71%,3.41%,-3.41%,2.64%,-2.64%,0.6%,-0.6%,-0.11%,0.11%,-0.03%,0.03%,-0.01%,0.01%,-1.65%,1.65%,0.19%,-0.19%,0.26%,-0.26%,225.0,1.22953175535361
81,45.0,0.00118,1.205,2.98%,-2.98%,2.17%,-2.17%,1.37%,-1.37%,0.43%,-0.43%,-0.11%,0.11%,-0.11%,0.11%,-0.02%,0.02%,-0.37%,0.37%,0.07%,-0.07%,0.16%,-0.16%,225.0,1.2319444627077014
82,45.0,0.00127,1.281,3.08%,-3.08%,2.27%,-2.27%,1.3%,-1.3%,0.08%,-0.08%,-0.09%,0.09%,-0.15%,0.15%,-0.02%,0.02%,-0.09%,0.09%,0.07%,-0.07%,-0.03%,0.03%,225.0,1.2277768124612358
83,45.0,0.00137,1.243,2.09%,-2.09%,1.47%,-1.47%,1.21%,-1.21%,0.37%,-0.37%,-0.1%,0.1%,-0.16%,0.16%,-0.02%,0.02%,0.2%,-0.2%,0.06%,-0.06%,0.16%,-0.16%,225.0,1.2198916254730012
84,45.0,0.00159,1.257,2.12%,-2.12%,1.34%,-1.34%,1.22%,-1.22%,0.32%,-0.32%,-0.1%,0.1%,-0.09%,0.09%,-0.02%,0.02%,0.29%,-0.29%,0.07%,-0.07%,0.14%,-0.14%,225.0,1.1961012274836553
85,45.0,0.00181,1.158,1.17%,-1.17%,1.14%,-1.14%,1.21%,-1.21%,0.67%,-0.67%,-0.13%,0.13%,-0.12%,0.12%,-0.02%,0.02%,0.08%,-0.08%,0.07%,-0.07%,0.29%,-0.29%,225.0,1.1689583867404663
86,45.0,0.00229,1.094,1.69%,-1.69%,1.0%,-1.0%,1.21%,-1.21%,0.56%,-0.56%,-0.11%,0.11%,-0.05%,0.05%,-0.01%,0.01%,0.22%,-0.22%,0.06%,-0.06%,0.23%,-0.23%,225.0,1.1108626071555059
87,45.0,0.00286,1.085,1.01%,-1.01%,0.89%,-0.89%,1.21%,-1.21%,0.66%,-0.66%,-0.11%,0.11%,-0.01%,0.01%,-0.01%,0.01%,0.3%,-0.3%,0.06%,-0.06%,0.31%,-0.31%,225.0,1.0512769647189897
88,45.0,0.00444,0.929,0.92%,-0.92%,1.23%,-1.23%,1.22%,-1.22%,0.77%,-0.77%,-0.12%,0.12%,0.0%,-0.0%,-0.01%,0.01%,0.05%,-0.05%,0.06%,-0.06%,0.38%,-0.38%,225.0,0.9320967479888398
89,45.0,0.0074,0.802,0.92%,-0.92%,1.07%,-1.07%,1.26%,-1.26%,0.86%,-0.86%,-0.14%,0.14%,-0.01%,0.01%,-0.02%,0.02%,-0.57%,0.57%,0.07%,-0.07%,0.49%,-0.49%,225.0,0.8018203554878858
